{"level":"info","message":"CRM API running on port 6000","timestamp":"2026-10-01T03:04:26.375Z"}
{"level":"info","message":"CRM API running on port 6000","timestamp":"2026-10-01T03:06:02.511Z"}
{"level":"info","message":{"durationMs":92,"method":"GET","path":"/health","statusCode":200},"timestamp":"2026-10-01T04:34:16.604Z"}
{"level":"info","message":{"durationMs":18,"method":"GET","path":"/health","statusCode":200},"timestamp":"2026-10-01T04:39:18.846Z"}
{"level":"info","message":{"durationMs":4,"method":"GET","path":"/api/properties","statusCode":401},"timestamp":"2026-10-01T04:45:56.435Z"}
{"level":"info","message":{"durationMs":1,"method":"POST","path":"/api/properties","statusCode":401},"timestamp":"2026-10-01T04:45:56.464Z"}
{"level":"info","message":{"durationMs":3,"method":"GET","path":"/api/properties","statusCode":401},"timestamp":"2026-10-01T04:46:13.784Z"}
{"level":"info","message":{"durationMs":1,"method":"POST","path":"/api/properties","statusCode":401},"timestamp":"2026-10-01T04:46:13.813Z"}
{"level":"info","message":{"durationMs":4,"method":"GET","path":"/api/properties","statusCode":401},"timestamp":"2026-10-01T04:49:11.518Z"}
{"level":"info","message":{"durationMs":0,"method":"POST","path":"/api/properties","statusCode":401},"timestamp":"2026-10-01T04:49:11.549Z"}
{"level":"info","message":{"durationMs":6,"method":"GET","path":"/api/properties","statusCode":401},"timestamp":"2026-10-01T04:54:47.336Z"}
{"level":"info","message":{"durationMs":1,"method":"POST","path":"/api/properties","statusCode":401},"timestamp":"2026-10-01T04:54:47.387Z"}
{"level":"info","message":{"durationMs":5,"method":"GET","path":"/api/properties","statusCode":401},"timestamp":"2026-10-01T04:54:54.420Z"}
{"level":"info","message":{"durationMs":1,"method":"POST","path":"/api/properties","statusCode":401},"timestamp":"2026-10-01T04:54:54.459Z"}
{"level":"info","message":{"durationMs":4,"method":"GET","path":"/api/properties","statusCode":401},"timestamp":"2026-10-01T04:56:11.659Z"}
{"level":"info","message":{"durationMs":0,"method":"POST","path":"/api/properties","statusCode":401},"timestamp":"2026-10-01T04:56:11.690Z"}
{"level":"info","message":{"durationMs":7,"method":"GET","path":"/api/properties","statusCode":401},"timestamp":"2026-10-01T04:57:31.445Z"}
{"level":"info","message":{"durationMs":1,"method":"POST","path":"/api/properties","statusCode":401},"timestamp":"2026-10-01T04:57:31.488Z"}
{"level":"info","message":{"durationMs":6,"method":"GET","path":"/api/properties","statusCode":401},"timestamp":"2026-10-01T05:00:32.140Z"}
{"level":"info","message":{"durationMs":1,"method":"POST","path":"/api/properties","statusCode":401},"timestamp":"2026-10-01T05:00:32.186Z"}
{"level":"info","message":{"durationMs":1,"method":"PUT","path":"/api/properties/test-id","statusCode":401},"timestamp":"2026-10-01T05:00:32.199Z"}
{"level":"info","message":{"durationMs":1,"method":"DELETE","path":"/api/properties/test-id","statusCode":401},"timestamp":"2026-10-01T05:00:32.212Z"}
{"level":"info","message":{"durationMs":6,"method":"GET","path":"/api/properties","statusCode":401},"timestamp":"2026-10-01T05:04:59.256Z"}
{"level":"info","message":{"durationMs":1,"method":"POST","path":"/api/properties","statusCode":401},"timestamp":"2026-10-01T05:04:59.291Z"}
{"level":"info","message":{"durationMs":1,"method":"PUT","path":"/api/properties/test-id","statusCode":401},"timestamp":"2026-10-01T05:04:59.300Z"}
{"level":"info","message":{"durationMs":0,"method":"DELETE","path":"/api/properties/test-id","statusCode":401},"timestamp":"2026-10-01T05:04:59.308Z"}
{"level":"info","message":{"durationMs":3,"method":"GET","path":"/api/properties","statusCode":401},"timestamp":"2026-10-01T05:05:44.526Z"}
{"level":"info","message":{"durationMs":1,"method":"POST","path":"/api/properties","statusCode":401},"timestamp":"2026-10-01T05:05:44.549Z"}
{"level":"info","message":{"durationMs":0,"method":"PUT","path":"/api/properties/test-id","statusCode":401},"timestamp":"2026-10-01T05:05:44.554Z"}
{"level":"info","message":{"durationMs":1,"method":"DELETE","path":"/api/properties/test-id","statusCode":401},"timestamp":"2026-10-01T05:05:44.560Z"}
{"level":"info","message":{"durationMs":8,"method":"GET","path":"/api/properties","statusCode":401},"timestamp":"2026-10-01T05:07:00.062Z"}
{"level":"info","message":{"durationMs":2,"method":"POST","path":"/api/properties","statusCode":401},"timestamp":"2026-10-01T05:07:00.112Z"}
{"level":"info","message":{"durationMs":1,"method":"PUT","path":"/api/properties/test-id","statusCode":401},"timestamp":"2026-10-01T05:07:00.140Z"}
{"level":"info","message":{"durationMs":1,"method":"DELETE","path":"/api/properties/test-id","statusCode":401},"timestamp":"2026-10-01T05:07:00.155Z"}
{"level":"info","message":{"durationMs":10,"method":"GET","path":"/api/properties","statusCode":401},"timestamp":"2026-10-01T05:10:40.305Z"}
{"level":"info","message":{"durationMs":1,"method":"POST","path":"/api/properties","statusCode":401},"timestamp":"2026-10-01T05:10:40.358Z"}
{"level":"info","message":{"durationMs":2,"method":"PUT","path":"/api/properties/test-id","statusCode":401},"timestamp":"2026-10-01T05:10:40.386Z"}
{"level":"info","message":{"durationMs":2,"method":"DELETE","path":"/api/properties/test-id","statusCode":401},"timestamp":"2026-10-01T05:10:40.402Z"}
{"level":"info","message":{"durationMs":5,"method":"GET","path":"/api/properties","statusCode":401},"timestamp":"2026-10-01T05:12:15.121Z"}
{"level":"info","message":{"durationMs":1,"method":"POST","path":"/api/properties","statusCode":401},"timestamp":"2026-10-01T05:12:15.153Z"}
{"level":"info","message":{"durationMs":1,"method":"PUT","path":"/api/properties/test-id","statusCode":401},"timestamp":"2026-10-01T05:12:15.160Z"}
{"level":"info","message":{"durationMs":1,"method":"DELETE","path":"/api/properties/test-id","statusCode":401},"timestamp":"2026-10-01T05:12:15.167Z"}
{"level":"info","message":{"durationMs":6,"method":"GET","path":"/api/properties","statusCode":401},"timestamp":"2026-10-01T05:15:33.846Z"}
{"level":"info","message":{"durationMs":0,"method":"POST","path":"/api/properties","statusCode":401},"timestamp":"2026-10-01T05:15:33.892Z"}
{"level":"info","message":{"durationMs":0,"method":"PUT","path":"/api/properties/test-id","statusCode":401},"timestamp":"2026-10-01T05:15:33.901Z"}
{"level":"info","message":{"durationMs":1,"method":"DELETE","path":"/api/properties/test-id","statusCode":401},"timestamp":"2026-10-01T05:15:33.908Z"}
{"level":"info","message":{"durationMs":10,"method":"GET","path":"/api/properties","statusCode":401},"timestamp":"2026-10-01T05:16:42.577Z"}
{"level":"info","message":{"durationMs":1,"method":"POST","path":"/api/properties","statusCode":401},"timestamp":"2026-10-01T05:16:42.644Z"}
{"level":"info","message":{"durationMs":2,"method":"PUT","path":"/api/properties/test-id","statusCode":401},"timestamp":"2026-10-01T05:16:42.665Z"}
{"level":"info","message":{"durationMs":2,"method":"DELETE","path":"/api/properties/test-id","statusCode":401},"timestamp":"2026-10-01T05:16:42.684Z"}
{"level":"info","message":{"durationMs":16,"method":"GET","path":"/api/properties","statusCode":401},"timestamp":"2026-10-01T05:17:50.539Z"}
{"level":"info","message":{"durationMs":2,"method":"POST","path":"/api/properties","statusCode":401},"timestamp":"2026-10-01T05:17:50.622Z"}
{"level":"info","message":{"durationMs":1,"method":"PUT","path":"/api/properties/test-id","statusCode":401},"timestamp":"2026-10-01T05:17:50.653Z"}
{"level":"info","message":{"durationMs":1,"method":"DELETE","path":"/api/properties/test-id","statusCode":401},"timestamp":"2026-10-01T05:17:50.670Z"}
{"level":"info","message":{"durationMs":5,"method":"GET","path":"/api/properties","statusCode":401},"timestamp":"2026-10-01T05:22:14.582Z"}
{"level":"info","message":{"durationMs":1,"method":"POST","path":"/api/properties","statusCode":401},"timestamp":"2026-10-01T05:22:14.617Z"}
{"level":"info","message":{"durationMs":1,"method":"PUT","path":"/api/properties/test-id","statusCode":401},"timestamp":"2026-10-01T05:22:14.628Z"}
{"level":"info","message":{"durationMs":1,"method":"DELETE","path":"/api/properties/test-id","statusCode":401},"timestamp":"2026-10-01T05:22:14.636Z"}
{"level":"info","message":{"durationMs":9,"method":"GET","path":"/api/properties","statusCode":401},"timestamp":"2026-10-01T05:22:47.883Z"}
{"level":"info","message":{"durationMs":1,"method":"POST","path":"/api/properties","statusCode":401},"timestamp":"2026-10-01T05:22:47.932Z"}
{"level":"info","message":{"durationMs":1,"method":"PUT","path":"/api/properties/test-id","statusCode":401},"timestamp":"2026-10-01T05:22:47.948Z"}
{"level":"info","message":{"durationMs":2,"method":"DELETE","path":"/api/properties/test-id","statusCode":401},"timestamp":"2026-10-01T05:22:47.966Z"}
{"level":"info","message":{"durationMs":5,"method":"GET","path":"/api/properties","statusCode":401},"timestamp":"2026-10-01T05:23:29.258Z"}
{"level":"info","message":{"durationMs":1,"method":"POST","path":"/api/properties","statusCode":401},"timestamp":"2026-10-01T05:23:29.287Z"}
{"level":"info","message":{"durationMs":0,"method":"PUT","path":"/api/properties/test-id","statusCode":401},"timestamp":"2026-10-01T05:23:29.293Z"}
{"level":"info","message":{"durationMs":1,"method":"DELETE","path":"/api/properties/test-id","statusCode":401},"timestamp":"2026-10-01T05:23:29.299Z"}
{"level":"info","message":{"durationMs":52,"method":"GET","path":"/health","statusCode":200},"timestamp":"2026-10-01T05:24:47.198Z"}
{"level":"info","message":{"durationMs":8,"method":"GET","path":"/api/properties","statusCode":401},"timestamp":"2026-10-01T07:39:42.159Z"}
{"level":"info","message":{"durationMs":1,"method":"POST","path":"/api/properties","statusCode":401},"timestamp":"2026-10-01T07:39:42.274Z"}
{"level":"info","message":{"durationMs":1,"method":"PUT","path":"/api/properties/test-id","statusCode":401},"timestamp":"2026-10-01T07:39:42.292Z"}
{"level":"info","message":{"durationMs":3,"method":"DELETE","path":"/api/properties/test-id","statusCode":401},"timestamp":"2026-10-01T07:39:42.324Z"}
{"level":"info","message":{"durationMs":8,"method":"GET","path":"/api/properties","statusCode":401},"timestamp":"2026-10-01T07:46:00.503Z"}
{"level":"info","message":{"durationMs":1,"method":"POST","path":"/api/properties","statusCode":401},"timestamp":"2026-10-01T07:46:00.589Z"}
{"level":"info","message":{"durationMs":1,"method":"PUT","path":"/api/properties/test-id","statusCode":401},"timestamp":"2026-10-01T07:46:00.605Z"}
{"level":"info","message":{"durationMs":1,"method":"DELETE","path":"/api/properties/test-id","statusCode":401},"timestamp":"2026-10-01T07:46:00.616Z"}
{"level":"info","message":{"durationMs":6,"method":"GET","path":"/api/properties","statusCode":401},"timestamp":"2026-10-01T07:50:38.008Z"}
{"level":"info","message":{"durationMs":1,"method":"POST","path":"/api/properties","statusCode":401},"timestamp":"2026-10-01T07:50:38.073Z"}
{"level":"info","message":{"durationMs":1,"method":"PUT","path":"/api/properties/test-id","statusCode":401},"timestamp":"2026-10-01T07:50:38.086Z"}
{"level":"info","message":{"durationMs":1,"method":"DELETE","path":"/api/properties/test-id","statusCode":401},"timestamp":"2026-10-01T07:50:38.098Z"}
{"level":"info","message":{"durationMs":40,"method":"GET","path":"/","statusCode":404},"timestamp":"2026-10-01T08:10:26.337Z"}
{"level":"info","message":{"durationMs":7,"method":"GET","path":"/api/properties","statusCode":401},"timestamp":"2026-10-01T08:11:40.132Z"}
{"level":"info","message":{"durationMs":1,"method":"POST","path":"/api/properties","statusCode":401},"timestamp":"2026-10-01T08:11:40.182Z"}
{"level":"info","message":{"durationMs":0,"method":"PUT","path":"/api/properties/test-id","statusCode":401},"timestamp":"2026-10-01T08:11:40.194Z"}
{"level":"info","message":{"durationMs":0,"method":"DELETE","path":"/api/properties/test-id","statusCode":401},"timestamp":"2026-10-01T08:11:40.202Z"}
{"level":"info","message":{"durationMs":7,"method":"GET","path":"/api/properties","statusCode":401},"timestamp":"2026-10-01T08:14:28.664Z"}
{"level":"info","message":{"durationMs":1,"method":"POST","path":"/api/properties","statusCode":401},"timestamp":"2026-10-01T08:14:28.718Z"}
{"level":"info","message":{"durationMs":1,"method":"PUT","path":"/api/properties/test-id","statusCode":401},"timestamp":"2026-10-01T08:14:28.729Z"}
{"level":"info","message":{"durationMs":1,"method":"DELETE","path":"/api/properties/test-id","statusCode":401},"timestamp":"2026-10-01T08:14:28.742Z"}
{"level":"info","message":{"durationMs":6,"method":"GET","path":"/api/properties","statusCode":401},"timestamp":"2026-10-01T08:16:20.952Z"}
{"level":"info","message":{"durationMs":1,"method":"POST","path":"/api/properties","statusCode":401},"timestamp":"2026-10-01T08:16:21.014Z"}
{"level":"info","message":{"durationMs":2,"method":"PUT","path":"/api/properties/test-id","statusCode":401},"timestamp":"2026-10-01T08:16:21.033Z"}
{"level":"info","message":{"durationMs":0,"method":"DELETE","path":"/api/properties/test-id","statusCode":401},"timestamp":"2026-10-01T08:16:21.048Z"}
{"level":"info","message":{"durationMs":5,"method":"GET","path":"/api/properties","statusCode":401},"timestamp":"2026-10-01T08:16:51.185Z"}
{"level":"info","message":{"durationMs":1,"method":"POST","path":"/api/properties","statusCode":401},"timestamp":"2026-10-01T08:16:51.221Z"}
{"level":"info","message":{"durationMs":0,"method":"PUT","path":"/api/properties/test-id","statusCode":401},"timestamp":"2026-10-01T08:16:51.230Z"}
{"level":"info","message":{"durationMs":1,"method":"DELETE","path":"/api/properties/test-id","statusCode":401},"timestamp":"2026-10-01T08:16:51.237Z"}
{"level":"info","message":{"durationMs":8,"method":"GET","path":"/api/properties","statusCode":401},"timestamp":"2026-10-01T08:17:51.378Z"}
{"level":"info","message":{"durationMs":1,"method":"POST","path":"/api/properties","statusCode":401},"timestamp":"2026-10-01T08:17:51.443Z"}
{"level":"info","message":{"durationMs":1,"method":"PUT","path":"/api/properties/test-id","statusCode":401},"timestamp":"2026-10-01T08:17:51.458Z"}
{"level":"info","message":{"durationMs":0,"method":"DELETE","path":"/api/properties/test-id","statusCode":401},"timestamp":"2026-10-01T08:17:51.469Z"}
{"level":"info","message":{"durationMs":12,"method":"GET","path":"/api/properties","statusCode":401},"timestamp":"2026-10-01T08:18:25.846Z"}
{"level":"info","message":{"durationMs":1,"method":"POST","path":"/api/properties","statusCode":401},"timestamp":"2026-10-01T08:18:25.903Z"}
{"level":"info","message":{"durationMs":1,"method":"PUT","path":"/api/properties/test-id","statusCode":401},"timestamp":"2026-10-01T08:18:25.914Z"}
{"level":"info","message":{"durationMs":0,"method":"DELETE","path":"/api/properties/test-id","statusCode":401},"timestamp":"2026-10-01T08:18:25.924Z"}
{"level":"info","message":{"durationMs":8,"method":"GET","path":"/api/properties","statusCode":401},"timestamp":"2026-10-01T08:18:58.572Z"}
{"level":"info","message":{"durationMs":0,"method":"POST","path":"/api/properties","statusCode":401},"timestamp":"2026-10-01T08:18:58.631Z"}
{"level":"info","message":{"durationMs":1,"method":"PUT","path":"/api/properties/test-id","statusCode":401},"timestamp":"2026-10-01T08:18:58.642Z"}
{"level":"info","message":{"durationMs":0,"method":"DELETE","path":"/api/properties/test-id","statusCode":401},"timestamp":"2026-10-01T08:18:58.652Z"}
{"level":"info","message":{"durationMs":7,"method":"GET","path":"/api/properties","statusCode":401},"timestamp":"2026-10-01T08:20:12.659Z"}
{"level":"info","message":{"durationMs":1,"method":"POST","path":"/api/properties","statusCode":401},"timestamp":"2026-10-01T08:20:12.975Z"}
{"level":"info","message":{"durationMs":2,"method":"PUT","path":"/api/properties/test-id","statusCode":401},"timestamp":"2026-10-01T08:20:12.990Z"}
{"level":"info","message":{"durationMs":1,"method":"DELETE","path":"/api/properties/test-id","statusCode":401},"timestamp":"2026-10-01T08:20:13.003Z"}
{"level":"info","message":{"durationMs":4,"method":"GET","path":"/api/properties","statusCode":401},"timestamp":"2026-10-01T08:45:44.600Z"}
{"level":"info","message":{"durationMs":0,"method":"POST","path":"/api/properties","statusCode":401},"timestamp":"2026-10-01T08:45:44.634Z"}
{"level":"info","message":{"durationMs":0,"method":"PUT","path":"/api/properties/test-id","statusCode":401},"timestamp":"2026-10-01T08:45:44.642Z"}
{"level":"info","message":{"durationMs":0,"method":"DELETE","path":"/api/properties/test-id","statusCode":401},"timestamp":"2026-10-01T08:45:44.648Z"}
{"level":"info","message":{"durationMs":3,"method":"GET","path":"/api/properties","statusCode":401},"timestamp":"2026-10-01T08:47:25.755Z"}
{"level":"info","message":{"durationMs":0,"method":"POST","path":"/api/properties","statusCode":401},"timestamp":"2026-10-01T08:47:25.779Z"}
{"level":"info","message":{"durationMs":0,"method":"PUT","path":"/api/properties/test-id","statusCode":401},"timestamp":"2026-10-01T08:47:25.784Z"}
{"level":"info","message":{"durationMs":0,"method":"DELETE","path":"/api/properties/test-id","statusCode":401},"timestamp":"2026-10-01T08:47:25.788Z"}
{"level":"info","message":{"durationMs":2,"method":"GET","path":"/api/health","statusCode":404},"timestamp":"2026-10-01T09:19:16.729Z"}
{"level":"info","message":{"durationMs":54,"method":"GET","path":"/api/properties","statusCode":200},"timestamp":"2026-10-01T09:20:38.574Z"}
{"level":"info","message":{"durationMs":98,"method":"GET","path":"/api/properties?page=1&limit=0&sortBy=title&sortOrder=asc&maxPrice=0","statusCode":200},"timestamp":"2026-10-01T09:24:57.516Z"}
{"level":"info","message":{"durationMs":3,"method":"GET","path":"/api/properties?page=1&limit=0&sortBy=title&sortOrder=asc&maxPrice=0","statusCode":200},"timestamp":"2026-10-01T09:25:04.093Z"}
{"level":"info","message":{"durationMs":4,"method":"GET","path":"/api/properties","statusCode":401},"timestamp":"2026-10-01T09:25:11.606Z"}
{"level":"info","message":{"durationMs":1,"method":"POST","path":"/api/properties","statusCode":401},"timestamp":"2026-10-01T09:25:11.654Z"}
{"level":"info","message":{"durationMs":1,"method":"PUT","path":"/api/properties/test-id","statusCode":401},"timestamp":"2026-10-01T09:25:11.660Z"}
{"level":"info","message":{"durationMs":1,"method":"DELETE","path":"/api/properties/test-id","statusCode":401},"timestamp":"2026-10-01T09:25:11.665Z"}
{"level":"info","message":{"durationMs":19,"method":"GET","path":"/api/properties?page=1&limit=25&sortBy=title&sortOrder=asc&maxPrice=0","statusCode":200},"timestamp":"2026-10-01T09:25:54.469Z"}
{"level":"info","message":{"durationMs":6,"method":"GET","path":"/api/properties?page=1&limit=25&sortBy=title&sortOrder=asc&listingType=Sale&maxPrice=0","statusCode":200},"timestamp":"2026-10-01T09:25:57.103Z"}
{"level":"info","message":{"durationMs":4,"method":"GET","path":"/api/properties?page=1&limit=25&sortBy=title&sortOrder=asc&listingType=Rent&maxPrice=0","statusCode":200},"timestamp":"2026-10-01T09:25:58.191Z"}
{"level":"info","message":{"durationMs":1,"method":"GET","path":"/api/properties?page=1&limit=25&sortBy=title&sortOrder=asc&listingType=Rent&type=Apartment&maxPrice=0","statusCode":200},"timestamp":"2026-10-01T09:25:59.442Z"}
{"level":"info","message":{"durationMs":1,"method":"GET","path":"/api/properties?page=1&limit=25&sortBy=title&sortOrder=asc&listingType=Rent&type=Villa&maxPrice=0","statusCode":200},"timestamp":"2026-10-01T09:26:00.233Z"}
{"level":"info","message":{"durationMs":1,"method":"GET","path":"/api/properties?page=1&limit=25&sortBy=title&sortOrder=asc&listingType=Rent&type=Plot&maxPrice=0","statusCode":200},"timestamp":"2026-10-01T09:26:00.877Z"}
{"level":"info","message":{"durationMs":2,"method":"GET","path":"/api/properties?page=1&limit=25&sortBy=title&sortOrder=asc&listingType=Rent&type=Plot&bhk=1&maxPrice=0","statusCode":200},"timestamp":"2026-10-01T09:26:01.748Z"}
{"level":"info","message":{"durationMs":1,"method":"GET","path":"/api/properties?page=1&limit=25&sortBy=title&sortOrder=asc&listingType=Rent&type=Plot&bhk=1%2C2&maxPrice=0","statusCode":200},"timestamp":"2026-10-01T09:26:02.294Z"}
{"level":"info","message":{"durationMs":1,"method":"GET","path":"/api/properties?page=1&limit=25&sortBy=title&sortOrder=asc&listingType=Rent&type=Plot&bhk=1%2C2%2C3&maxPrice=0","statusCode":200},"timestamp":"2026-10-01T09:26:02.875Z"}
{"level":"info","message":{"durationMs":4,"method":"GET","path":"/api/properties?page=1&limit=25&sortBy=title&sortOrder=asc&listingType=Rent&type=Plot&bhk=1%2C2%2C3%2C4&maxPrice=0","statusCode":401},"timestamp":"2026-10-01T09:26:03.586Z"}
{"level":"info","message":{"durationMs":23,"method":"GET","path":"/api/properties?page=1&limit=0&sortBy=title&sortOrder=asc&assignee=Riya+Sen&maxPrice=0","statusCode":200},"timestamp":"2026-10-01T09:26:18.845Z"}
{"level":"info","message":{"durationMs":1,"method":"GET","path":"/api/properties?page=1&limit=0&sortBy=title&sortOrder=asc&bhk=2&assignee=Riya+Sen&maxPrice=0","statusCode":200},"timestamp":"2026-10-01T09:26:25.898Z"}
{"level":"info","message":{"durationMs":1,"method":"GET","path":"/api/properties?page=1&limit=0&sortBy=title&sortOrder=asc&bhk=2%2C1&assignee=Riya+Sen&maxPrice=0","statusCode":200},"timestamp":"2026-10-01T09:26:26.681Z"}
{"level":"info","message":{"durationMs":1,"method":"GET","path":"/api/properties?page=1&limit=0&sortBy=title&sortOrder=asc&bhk=2%2C1%2C4&assignee=Riya+Sen&maxPrice=0","statusCode":200},"timestamp":"2026-10-01T09:26:27.985Z"}
{"level":"info","message":{"durationMs":0,"method":"GET","path":"/api/properties?page=1&limit=0&sortBy=title&sortOrder=asc&type=Villa&bhk=2%2C1%2C4&assignee=Riya+Sen&maxPrice=0","statusCode":200},"timestamp":"2026-10-01T09:26:28.768Z"}
{"level":"info","message":{"durationMs":14,"method":"GET","path":"/api/properties?page=1&limit=0&sortBy=title&sortOrder=asc&listingType=Rent&type=Villa&bhk=2%2C1%2C4&assignee=Riya+Sen&maxPrice=0","statusCode":200},"timestamp":"2026-10-01T09:26:29.542Z"}
{"level":"info","message":{"durationMs":4,"method":"GET","path":"/api/properties?page=1&limit=0&sortBy=title&sortOrder=asc&listingType=Sale&type=Villa&bhk=2%2C1%2C4&assignee=Riya+Sen&maxPrice=0","statusCode":200},"timestamp":"2026-10-01T09:26:30.368Z"}
{"level":"info","message":{"durationMs":4,"method":"GET","path":"/api/properties?page=1&limit=0&sortBy=title&sortOrder=asc&maxPrice=0","statusCode":304},"timestamp":"2026-10-01T09:26:34.609Z"}
{"level":"info","message":{"durationMs":1,"method":"GET","path":"/api/properties?page=1&limit=0&sortBy=title&sortOrder=asc&maxPrice=0","statusCode":304},"timestamp":"2026-10-01T09:26:38.848Z"}
{"level":"info","message":{"durationMs":1,"method":"GET","path":"/api/properties?page=1&limit=0&sortBy=title&sortOrder=asc&maxPrice=0","statusCode":304},"timestamp":"2026-10-01T09:26:41.398Z"}
{"level":"info","message":{"durationMs":1,"method":"GET","path":"/api/properties?page=1&limit=0&sortBy=title&sortOrder=asc&maxPrice=0","statusCode":304},"timestamp":"2026-10-01T09:27:03.816Z"}
{"level":"info","message":{"durationMs":15,"method":"GET","path":"/api/properties?page=1&limit=0&sortBy=title&sortOrder=asc&maxPrice=0","statusCode":304},"timestamp":"2026-10-01T09:27:26.221Z"}
{"level":"info","message":{"durationMs":57,"method":"GET","path":"/api/properties?page=1&limit=0&sortBy=title&sortOrder=asc&maxPrice=0","statusCode":304},"timestamp":"2026-10-01T09:32:34.874Z"}
{"level":"info","message":{"durationMs":137,"method":"GET","path":"/api/properties?page=1&limit=0&sortBy=title&sortOrder=asc&maxPrice=0","statusCode":200},"timestamp":"2026-10-01T09:45:03.738Z"}
{"level":"info","message":{"durationMs":25,"method":"GET","path":"/api/properties?page=1&limit=10&sortBy=title&sortOrder=asc","statusCode":200},"timestamp":"2026-10-01T09:45:55.379Z"}
{"level":"info","message":{"durationMs":2,"method":"GET","path":"/api/properties?page=1&limit=10&sortBy=title&sortOrder=asc","statusCode":200},"timestamp":"2026-10-01T09:46:05.960Z"}
{"level":"info","message":{"durationMs":65,"method":"GET","path":"/api/properties?page=1&limit=10&sortBy=title&sortOrder=asc","statusCode":304},"timestamp":"2026-10-01T09:53:58.018Z"}
{"level":"info","message":{"durationMs":233,"method":"GET","path":"/api/properties?page=1&limit=25&sortBy=title&sortOrder=asc","statusCode":200},"timestamp":"2026-10-01T09:57:29.051Z"}
{"level":"info","message":{"durationMs":356,"method":"GET","path":"/api/properties/filters","statusCode":200},"timestamp":"2026-10-01T09:57:29.070Z"}
{"level":"info","message":{"durationMs":3,"method":"GET","path":"/api/properties","statusCode":401},"timestamp":"2026-10-01T10:00:49.461Z"}
{"level":"info","message":{"durationMs":1,"method":"POST","path":"/api/properties","statusCode":401},"timestamp":"2026-10-01T10:00:49.485Z"}
{"level":"info","message":{"durationMs":0,"method":"PUT","path":"/api/properties/test-id","statusCode":401},"timestamp":"2026-10-01T10:00:49.491Z"}
{"level":"info","message":{"durationMs":0,"method":"DELETE","path":"/api/properties/test-id","statusCode":401},"timestamp":"2026-10-01T10:00:49.495Z"}
{"level":"info","message":{"durationMs":5,"method":"GET","path":"/api/properties/filters","statusCode":401},"timestamp":"2026-10-01T10:01:08.738Z"}
{"level":"info","message":{"durationMs":104,"method":"GET","path":"/api/properties?page=1&limit=25&sortBy=title&sortOrder=asc","statusCode":304},"timestamp":"2026-10-01T10:07:45.533Z"}
{"level":"info","message":{"durationMs":147,"method":"GET","path":"/api/properties/filters","statusCode":304},"timestamp":"2026-10-01T10:07:45.540Z"}
{"level":"info","message":{"durationMs":4,"method":"GET","path":"/api/properties?page=1&limit=25&sortBy=title&sortOrder=asc","statusCode":200},"timestamp":"2026-10-01T10:08:33.520Z"}
{"level":"info","message":{"durationMs":21,"method":"GET","path":"/api/properties/filters","statusCode":200},"timestamp":"2026-10-01T10:08:33.536Z"}
{"level":"info","message":{"durationMs":78,"method":"GET","path":"/api/properties/filters","statusCode":401},"timestamp":"2026-10-01T10:12:21.009Z"}
{"level":"info","message":{"durationMs":69,"method":"GET","path":"/api/properties?page=1&limit=25&sortBy=title&sortOrder=asc","statusCode":401},"timestamp":"2026-10-01T10:12:21.012Z"}
{"level":"info","message":{"durationMs":17,"method":"GET","path":"/api/properties?page=1&limit=25&sortBy=title&sortOrder=asc","statusCode":304},"timestamp":"2026-10-01T10:12:25.236Z"}
{"level":"info","message":{"durationMs":20,"method":"GET","path":"/api/properties/filters","statusCode":304},"timestamp":"2026-10-01T10:12:25.238Z"}
{"level":"info","message":{"durationMs":3,"method":"GET","path":"/api/properties","statusCode":401},"timestamp":"2026-10-01T10:13:17.310Z"}
{"level":"info","message":{"durationMs":0,"method":"POST","path":"/api/properties","statusCode":401},"timestamp":"2026-10-01T10:13:17.345Z"}
{"level":"info","message":{"durationMs":1,"method":"PUT","path":"/api/properties/test-id","statusCode":401},"timestamp":"2026-10-01T10:13:17.351Z"}
{"level":"info","message":{"durationMs":0,"method":"DELETE","path":"/api/properties/test-id","statusCode":401},"timestamp":"2026-10-01T10:13:17.356Z"}
{"level":"info","message":{"durationMs":2,"method":"GET","path":"/api/properties/filters","statusCode":401},"timestamp":"2026-10-01T10:13:30.105Z"}
{"level":"info","message":{"durationMs":2,"method":"GET","path":"/api/properties?page=1&limit=25&sortBy=title&sortOrder=asc","statusCode":401},"timestamp":"2026-10-01T10:13:30.106Z"}
{"level":"info","message":{"durationMs":127,"method":"GET","path":"/api/properties/filters","statusCode":200},"timestamp":"2026-10-01T10:15:44.789Z"}
{"level":"info","message":{"durationMs":20,"method":"GET","path":"/api/properties?page=1&limit=25&sortBy=title&sortOrder=asc","statusCode":200},"timestamp":"2026-10-01T10:15:44.939Z"}
{"level":"info","message":{"durationMs":3,"method":"GET","path":"/api/properties?page=1&limit=25&sortBy=title&sortOrder=asc","statusCode":401},"timestamp":"2026-10-01T10:16:00.821Z"}
{"level":"info","message":{"durationMs":3,"method":"GET","path":"/api/properties/filters","statusCode":401},"timestamp":"2026-10-01T10:16:00.822Z"}
{"level":"info","message":{"durationMs":2,"method":"GET","path":"/api/properties?page=1&limit=25&sortBy=title&sortOrder=asc&listingType=Sale","statusCode":401},"timestamp":"2026-10-01T10:16:42.048Z"}
{"level":"info","message":{"durationMs":25,"method":"GET","path":"/api/properties?page=1&limit=25&sortBy=title&sortOrder=asc&listingType=Sale","statusCode":200},"timestamp":"2026-10-01T10:16:42.389Z"}
{"level":"info","message":{"durationMs":19,"method":"GET","path":"/api/properties?page=1&limit=25&sortBy=title&sortOrder=desc&listingType=Sale","statusCode":200},"timestamp":"2026-10-01T10:17:19.873Z"}
{"level":"info","message":{"durationMs":1,"method":"GET","path":"/api/properties?page=1&limit=25&sortBy=title&sortOrder=desc","statusCode":401},"timestamp":"2026-10-01T10:18:14.314Z"}
{"level":"info","message":{"durationMs":17,"method":"GET","path":"/api/properties?page=1&limit=25&sortBy=title&sortOrder=desc","statusCode":200},"timestamp":"2026-10-01T10:18:14.647Z"}
{"level":"info","message":{"durationMs":8,"method":"GET","path":"/api/properties?page=1&limit=25&sortBy=title&sortOrder=asc","statusCode":304},"timestamp":"2026-10-01T10:18:21.342Z"}
{"level":"info","message":{"durationMs":1,"method":"GET","path":"/api/properties/filters","statusCode":401},"timestamp":"2026-10-01T10:18:55.469Z"}
{"level":"info","message":{"durationMs":3,"method":"GET","path":"/api/properties?page=1&limit=25&sortBy=title&sortOrder=asc","statusCode":401},"timestamp":"2026-10-01T10:18:55.471Z"}
{"level":"info","message":{"durationMs":3,"method":"GET","path":"/api/properties?page=1&limit=25&sortBy=title&sortOrder=asc","statusCode":304},"timestamp":"2026-10-01T10:18:55.493Z"}
{"level":"info","message":{"durationMs":17,"method":"GET","path":"/api/properties/filters","statusCode":304},"timestamp":"2026-10-01T10:18:55.506Z"}
{"level":"info","message":{"durationMs":2,"method":"GET","path":"/api/properties/filters","statusCode":401},"timestamp":"2026-10-01T10:20:20.423Z"}
{"level":"info","message":{"durationMs":2,"method":"GET","path":"/api/properties?page=1&limit=25&sortBy=title&sortOrder=asc","statusCode":401},"timestamp":"2026-10-01T10:20:20.424Z"}
{"level":"info","message":{"durationMs":16,"method":"GET","path":"/api/properties/filters","statusCode":304},"timestamp":"2026-10-01T10:20:20.762Z"}
{"level":"info","message":{"durationMs":11,"method":"GET","path":"/api/properties?page=1&limit=25&sortBy=title&sortOrder=asc","statusCode":304},"timestamp":"2026-10-01T10:20:21.013Z"}
{"level":"info","message":{"durationMs":1,"method":"GET","path":"/api/properties/filters","statusCode":401},"timestamp":"2026-10-01T10:21:00.584Z"}
{"level":"info","message":{"durationMs":2,"method":"GET","path":"/api/properties?page=1&limit=25&sortBy=title&sortOrder=asc","statusCode":401},"timestamp":"2026-10-01T10:21:00.585Z"}
{"level":"info","message":{"durationMs":9,"method":"GET","path":"/api/properties?page=1&limit=25&sortBy=title&sortOrder=asc","statusCode":304},"timestamp":"2026-10-01T10:21:00.650Z"}
{"level":"info","message":{"durationMs":24,"method":"GET","path":"/api/properties/filters","statusCode":304},"timestamp":"2026-10-01T10:21:00.664Z"}
{"level":"info","message":{"durationMs":70,"method":"GET","path":"/api/properties?page=1&limit=25&sortBy=title&sortOrder=asc&listingType=Rent","statusCode":401},"timestamp":"2026-10-01T10:29:17.072Z"}
{"level":"info","message":{"durationMs":49,"method":"GET","path":"/api/properties?page=1&limit=25&sortBy=title&sortOrder=asc&listingType=Rent","statusCode":200},"timestamp":"2026-10-01T10:29:17.154Z"}
{"level":"info","message":{"durationMs":7,"method":"GET","path":"/api/properties?page=1&limit=25&sortBy=title&sortOrder=asc&listingType=Sale","statusCode":200},"timestamp":"2026-10-01T10:29:18.510Z"}
{"level":"info","message":{"durationMs":4,"method":"GET","path":"/api/properties?page=1&limit=25&sortBy=title&sortOrder=asc&listingType=Sale&type=Apartment","statusCode":200},"timestamp":"2026-10-01T10:29:19.838Z"}
{"level":"info","message":{"durationMs":4,"method":"GET","path":"/api/properties?page=1&limit=25&sortBy=title&sortOrder=asc&listingType=Sale&type=Villa","statusCode":200},"timestamp":"2026-10-01T10:29:20.805Z"}
{"level":"info","message":{"durationMs":4,"method":"GET","path":"/api/properties?page=1&limit=25&sortBy=title&sortOrder=asc&listingType=Sale&type=Plot","statusCode":200},"timestamp":"2026-10-01T10:29:21.591Z"}
{"level":"info","message":{"durationMs":6,"method":"GET","path":"/api/properties?page=1&limit=25&sortBy=title&sortOrder=asc&listingType=Sale&type=Commercial","statusCode":200},"timestamp":"2026-10-01T10:29:22.282Z"}
{"level":"info","message":{"durationMs":8,"method":"GET","path":"/api/properties?page=1&limit=25&sortBy=title&sortOrder=asc&listingType=Sale&type=Commercial&bhk=4","statusCode":200},"timestamp":"2026-10-01T10:29:23.244Z"}
{"level":"info","message":{"durationMs":5,"method":"GET","path":"/api/properties?page=1&limit=25&sortBy=title&sortOrder=asc&listingType=Sale&type=Commercial&bhk=4%2C3","statusCode":200},"timestamp":"2026-10-01T10:29:24.376Z"}
{"level":"info","message":{"durationMs":5,"method":"GET","path":"/api/properties?page=1&limit=25&sortBy=title&sortOrder=asc&listingType=Sale&type=Commercial&bhk=4%2C3%2C2","statusCode":200},"timestamp":"2026-10-01T10:29:25.043Z"}
{"level":"info","message":{"durationMs":6,"method":"GET","path":"/api/properties?page=1&limit=25&sortBy=title&sortOrder=asc&listingType=Sale&type=Commercial&bhk=4%2C3%2C2%2C1","statusCode":200},"timestamp":"2026-10-01T10:29:26.288Z"}
{"level":"info","message":{"durationMs":6,"method":"GET","path":"/api/properties?page=1&limit=25&sortBy=title&sortOrder=asc&listingType=Sale&type=Commercial&bhk=4%2C3%2C2%2C1&minPrice=1500000","statusCode":200},"timestamp":"2026-10-01T10:29:28.958Z"}
{"level":"info","message":{"durationMs":3,"method":"GET","path":"/api/properties?page=1&limit=25&sortBy=title&sortOrder=asc&listingType=Sale&type=Commercial&bhk=4%2C3%2C2%2C1&minPrice=3500000","statusCode":200},"timestamp":"2026-10-01T10:29:29.683Z"}
{"level":"info","message":{"durationMs":4,"method":"GET","path":"/api/properties?page=1&limit=25&sortBy=title&sortOrder=asc&listingType=Sale&type=Commercial&bhk=4%2C3%2C2%2C1&minPrice=4000000","statusCode":200},"timestamp":"2026-10-01T10:29:29.709Z"}
{"level":"info","message":{"durationMs":4,"method":"GET","path":"/api/properties?page=1&limit=25&sortBy=title&sortOrder=asc&listingType=Sale&type=Commercial&bhk=4%2C3%2C2%2C1&minPrice=6500000","statusCode":200},"timestamp":"2026-10-01T10:29:30.487Z"}
{"level":"info","message":{"durationMs":2,"method":"GET","path":"/api/properties?page=1&limit=25&sortBy=title&sortOrder=asc&listingType=Sale&type=Commercial&bhk=4%2C3%2C2%2C1&minPrice=11000000","statusCode":200},"timestamp":"2026-10-01T10:29:31.532Z"}
{"level":"info","message":{"durationMs":5,"method":"GET","path":"/api/properties?page=1&limit=25&sortBy=title&sortOrder=asc&listingType=Sale&type=Commercial&bhk=4%2C3%2C2%2C1&minPrice=15500000","statusCode":200},"timestamp":"2026-10-01T10:29:32.439Z"}
{"level":"info","message":{"durationMs":4,"method":"GET","path":"/api/properties?page=1&limit=25&sortBy=title&sortOrder=asc&listingType=Sale&type=Commercial&bhk=4%2C3%2C2%2C1&minPrice=19000000","statusCode":200},"timestamp":"2026-10-01T10:29:33.457Z"}
{"level":"info","message":{"durationMs":2,"method":"GET","path":"/api/properties?page=1&limit=25&sortBy=title&sortOrder=asc&listingType=Sale&type=Commercial&bhk=4%2C3%2C2%2C1&minPrice=19500000","statusCode":200},"timestamp":"2026-10-01T10:29:34.119Z"}
{"level":"info","message":{"durationMs":4,"method":"GET","path":"/api/properties?page=1&limit=25&sortBy=title&sortOrder=asc&listingType=Sale&type=Commercial&bhk=4%2C3%2C2%2C1&minPrice=10500000","statusCode":200},"timestamp":"2026-10-01T10:29:35.326Z"}
{"level":"info","message":{"durationMs":4,"method":"GET","path":"/api/properties?page=1&limit=25&sortBy=title&sortOrder=asc&listingType=Sale&type=Commercial&bhk=4%2C3%2C2%2C1&minPrice=3500000&maxPrice=7500000","statusCode":200},"timestamp":"2026-10-01T10:29:38.587Z"}
{"level":"info","message":{"durationMs":3,"method":"GET","path":"/api/properties?page=1&limit=25&sortBy=title&sortOrder=asc&listingType=Sale&type=Commercial&bhk=4%2C3%2C2%2C1&minPrice=3500000&maxPrice=11000000","statusCode":200},"timestamp":"2026-10-01T10:29:40.068Z"}
{"level":"info","message":{"durationMs":3,"method":"GET","path":"/api/properties?page=1&limit=25&sortBy=title&sortOrder=asc&listingType=Sale&type=Commercial&bhk=4%2C3%2C2%2C1&minPrice=4500000&maxPrice=11000000","statusCode":200},"timestamp":"2026-10-01T10:29:42.049Z"}
{"level":"info","message":{"durationMs":133,"method":"GET","path":"/api/dashboard?days=30","statusCode":401},"timestamp":"2026-10-01T10:32:42.149Z"}
{"level":"info","message":{"durationMs":59,"method":"GET","path":"/api/dashboard?days=30","statusCode":200},"timestamp":"2026-10-01T10:32:42.250Z"}
{"level":"info","message":{"durationMs":14,"method":"GET","path":"/api/properties?page=1&limit=100&sortBy=title&sortOrder=asc","statusCode":200},"timestamp":"2026-10-01T10:32:57.048Z"}
{"level":"info","message":{"durationMs":40,"method":"GET","path":"/api/dashboard?days=30","statusCode":304},"timestamp":"2026-10-01T10:33:51.204Z"}
{"level":"info","message":{"durationMs":8,"method":"GET","path":"/api/properties?page=1&limit=25&sortBy=title&sortOrder=asc","statusCode":304},"timestamp":"2026-10-01T10:33:57.172Z"}
{"level":"info","message":{"durationMs":11,"method":"GET","path":"/api/properties/filters","statusCode":304},"timestamp":"2026-10-01T10:33:57.174Z"}
{"level":"info","message":{"durationMs":3,"method":"GET","path":"/api/properties","statusCode":401},"timestamp":"2026-10-01T10:35:49.506Z"}
{"level":"info","message":{"durationMs":0,"method":"POST","path":"/api/properties","statusCode":401},"timestamp":"2026-10-01T10:35:49.532Z"}
{"level":"info","message":{"durationMs":0,"method":"PUT","path":"/api/properties/test-id","statusCode":401},"timestamp":"2026-10-01T10:35:49.538Z"}
{"level":"info","message":{"durationMs":0,"method":"DELETE","path":"/api/properties/test-id","statusCode":401},"timestamp":"2026-10-01T10:35:49.542Z"}
{"level":"info","message":{"durationMs":4,"method":"GET","path":"/api/properties","statusCode":401},"timestamp":"2026-10-01T10:36:24.268Z"}
{"level":"info","message":{"durationMs":0,"method":"POST","path":"/api/properties","statusCode":401},"timestamp":"2026-10-01T10:36:24.301Z"}
{"level":"info","message":{"durationMs":0,"method":"PUT","path":"/api/properties/test-id","statusCode":401},"timestamp":"2026-10-01T10:36:24.306Z"}
{"level":"info","message":{"durationMs":0,"method":"DELETE","path":"/api/properties/test-id","statusCode":401},"timestamp":"2026-10-01T10:36:24.311Z"}
{"level":"info","message":{"durationMs":61,"method":"GET","path":"/api/dashboard?days=30","statusCode":401},"timestamp":"2026-10-01T10:36:41.794Z"}
{"level":"info","message":{"durationMs":40,"method":"GET","path":"/api/dashboard?days=30","statusCode":200},"timestamp":"2026-10-01T10:36:42.148Z"}
{"level":"info","message":{"durationMs":5,"method":"GET","path":"/api/site-visits?page=1&limit=25","statusCode":200},"timestamp":"2026-10-01T10:36:49.546Z"}
{"level":"info","message":{"durationMs":6,"method":"GET","path":"/api/properties?page=1&limit=100&sortBy=title&sortOrder=asc","statusCode":200},"timestamp":"2026-10-01T10:36:49.850Z"}
{"level":"info","message":{"durationMs":2,"method":"GET","path":"/api/site-visits?page=1&limit=25","statusCode":401},"timestamp":"2026-10-01T10:36:53.787Z"}
{"level":"info","message":{"durationMs":2,"method":"GET","path":"/api/properties?page=1&limit=100&sortBy=title&sortOrder=asc","statusCode":401},"timestamp":"2026-10-01T10:36:53.791Z"}
{"level":"info","message":{"durationMs":4,"method":"GET","path":"/api/properties?page=1&limit=100&sortBy=title&sortOrder=asc","statusCode":304},"timestamp":"2026-10-01T10:36:53.841Z"}
{"level":"info","message":{"durationMs":7,"method":"GET","path":"/api/site-visits?page=1&limit=25","statusCode":200},"timestamp":"2026-10-01T10:36:53.843Z"}
{"level":"info","message":{"durationMs":3,"method":"GET","path":"/api/site-visits?page=1&limit=25&status=CANCELLED","statusCode":200},"timestamp":"2026-10-01T10:37:04.150Z"}
{"level":"info","message":{"durationMs":4,"method":"GET","path":"/api/site-visits?page=1&limit=25&status=COMPLETED","statusCode":200},"timestamp":"2026-10-01T10:37:04.994Z"}
{"level":"info","message":{"durationMs":7,"method":"GET","path":"/api/site-visits?page=1&limit=25&status=SCHEDULED","statusCode":200},"timestamp":"2026-10-01T10:37:05.777Z"}
{"level":"info","message":{"durationMs":10,"method":"GET","path":"/api/dashboard?days=7","statusCode":401},"timestamp":"2026-10-01T10:37:49.161Z"}
{"level":"info","message":{"durationMs":112,"method":"GET","path":"/api/dashboard?days=7","statusCode":200},"timestamp":"2026-10-01T10:37:49.301Z"}
{"level":"info","message":{"durationMs":5,"method":"GET","path":"/api/properties","statusCode":401},"timestamp":"2026-10-01T10:38:06.826Z"}
{"level":"info","message":{"durationMs":1,"method":"POST","path":"/api/properties","statusCode":401},"timestamp":"2026-10-01T10:38:06.870Z"}
{"level":"info","message":{"durationMs":0,"method":"PUT","path":"/api/properties/test-id","statusCode":401},"timestamp":"2026-10-01T10:38:06.876Z"}
{"level":"info","message":{"durationMs":1,"method":"DELETE","path":"/api/properties/test-id","statusCode":401},"timestamp":"2026-10-01T10:38:06.884Z"}
{"level":"info","message":{"durationMs":1,"method":"GET","path":"/api/site-visits?page=1&limit=25&status=SCHEDULED","statusCode":401},"timestamp":"2026-10-01T10:38:21.953Z"}
{"level":"info","message":{"durationMs":12,"method":"GET","path":"/api/site-visits?page=1&limit=25&status=SCHEDULED","statusCode":304},"timestamp":"2026-10-01T10:38:21.997Z"}
{"level":"info","message":{"durationMs":4,"method":"GET","path":"/api/site-visits?page=1&limit=25&status=COMPLETED","statusCode":304},"timestamp":"2026-10-01T10:38:22.637Z"}
{"level":"info","message":{"durationMs":3,"method":"GET","path":"/api/site-visits?page=1&limit=25&status=CANCELLED","statusCode":304},"timestamp":"2026-10-01T10:38:23.249Z"}
{"level":"info","message":{"durationMs":1,"method":"GET","path":"/api/dashboard?days=30","statusCode":401},"timestamp":"2026-10-01T10:39:11.148Z"}
{"level":"info","message":{"durationMs":104,"method":"GET","path":"/api/dashboard?days=30","statusCode":304},"timestamp":"2026-10-01T10:39:11.583Z"}
{"level":"info","message":{"durationMs":2,"method":"GET","path":"/api/properties?page=1&limit=25&sortBy=title&sortOrder=asc","statusCode":401},"timestamp":"2026-10-01T10:39:27.805Z"}
{"level":"info","message":{"durationMs":2,"method":"GET","path":"/api/properties/filters","statusCode":401},"timestamp":"2026-10-01T10:39:27.806Z"}
{"level":"info","message":{"durationMs":37,"method":"GET","path":"/api/properties?page=1&limit=25&sortBy=title&sortOrder=asc","statusCode":304},"timestamp":"2026-10-01T10:39:27.866Z"}
{"level":"info","message":{"durationMs":53,"method":"GET","path":"/api/properties/filters","statusCode":304},"timestamp":"2026-10-01T10:39:27.882Z"}
{"level":"info","message":{"durationMs":4,"method":"GET","path":"/api/site-visits?page=1&limit=25","statusCode":304},"timestamp":"2026-10-01T10:39:33.463Z"}
{"level":"info","message":{"durationMs":2,"method":"GET","path":"/api/site-visits?page=1&limit=25&status=SCHEDULED","statusCode":304},"timestamp":"2026-10-01T10:39:41.226Z"}
{"level":"info","message":{"durationMs":2,"method":"GET","path":"/api/site-visits?page=1&limit=25&status=COMPLETED","statusCode":304},"timestamp":"2026-10-01T10:39:42.004Z"}
{"level":"info","message":{"durationMs":16,"method":"GET","path":"/api/dashboard?days=30","statusCode":304},"timestamp":"2026-10-01T10:40:02.042Z"}
{"level":"info","message":{"durationMs":1,"method":"GET","path":"/api/properties?page=1&limit=10&sortBy=title&sortOrder=asc","statusCode":401},"timestamp":"2026-10-01T10:42:00.367Z"}
{"level":"info","message":{"durationMs":11,"method":"GET","path":"/api/properties?page=1&limit=10&sortBy=title&sortOrder=asc","statusCode":304},"timestamp":"2026-10-01T10:42:00.392Z"}
{"level":"info","message":{"durationMs":7,"method":"GET","path":"/api/site-visits?page=1&limit=25","statusCode":304},"timestamp":"2026-10-01T10:42:06.163Z"}
{"level":"info","message":{"durationMs":9,"method":"GET","path":"/api/properties?page=1&limit=100&sortBy=title&sortOrder=asc","statusCode":304},"timestamp":"2026-10-01T10:42:06.165Z"}
{"level":"info","message":{"durationMs":103,"method":"GET","path":"/api/dashboard?days=30","statusCode":304},"timestamp":"2026-10-01T10:49:17.449Z"}
{"level":"info","message":{"durationMs":3,"method":"GET","path":"/api/properties","statusCode":401},"timestamp":"2026-10-01T10:56:41.099Z"}
{"level":"info","message":{"durationMs":1,"method":"POST","path":"/api/properties","statusCode":401},"timestamp":"2026-10-01T10:56:41.131Z"}
{"level":"info","message":{"durationMs":0,"method":"PUT","path":"/api/properties/test-id","statusCode":401},"timestamp":"2026-10-01T10:56:41.136Z"}
{"level":"info","message":{"durationMs":1,"method":"DELETE","path":"/api/properties/test-id","statusCode":401},"timestamp":"2026-10-01T10:56:41.143Z"}
{"level":"info","message":{"durationMs":121,"method":"GET","path":"/api/dashboard?days=30","statusCode":304},"timestamp":"2026-10-01T10:58:40.563Z"}
{"level":"info","message":{"durationMs":8,"method":"GET","path":"/api/properties?page=1&limit=25&sortBy=title&sortOrder=asc","statusCode":304},"timestamp":"2026-10-01T10:58:44.279Z"}
{"level":"info","message":{"durationMs":11,"method":"GET","path":"/api/properties/filters","statusCode":304},"timestamp":"2026-10-01T10:58:44.281Z"}
{"level":"info","message":{"durationMs":12,"method":"GET","path":"/api/properties?page=1&limit=25&sortBy=title&sortOrder=asc&type=Apartment","statusCode":200},"timestamp":"2026-10-01T10:59:10.575Z"}
{"level":"info","message":{"durationMs":2,"method":"GET","path":"/api/properties?page=1&limit=25&sortBy=title&sortOrder=asc&type=Villa","statusCode":200},"timestamp":"2026-10-01T10:59:11.921Z"}
{"level":"info","message":{"durationMs":10,"method":"GET","path":"/api/properties?page=1&limit=25&sortBy=title&sortOrder=asc&type=Plot","statusCode":200},"timestamp":"2026-10-01T10:59:13.065Z"}
{"level":"info","message":{"durationMs":3,"method":"GET","path":"/api/properties?page=1&limit=25&sortBy=title&sortOrder=asc&type=Commercial","statusCode":200},"timestamp":"2026-10-01T10:59:15.158Z"}
{"level":"info","message":{"durationMs":3,"method":"GET","path":"/api/properties?page=1&limit=25&sortBy=title&sortOrder=asc&listingType=Sale&type=Commercial","statusCode":304},"timestamp":"2026-10-01T10:59:17.633Z"}
{"level":"info","message":{"durationMs":2,"method":"GET","path":"/api/site-visits?page=1&limit=25","statusCode":401},"timestamp":"2026-10-01T10:59:40.314Z"}
{"level":"info","message":{"durationMs":3,"method":"GET","path":"/api/properties?page=1&limit=100&sortBy=title&sortOrder=asc","statusCode":401},"timestamp":"2026-10-01T10:59:40.316Z"}
{"level":"info","message":{"durationMs":24,"method":"GET","path":"/api/site-visits?page=1&limit=25","statusCode":304},"timestamp":"2026-10-01T10:59:40.357Z"}
{"level":"info","message":{"durationMs":26,"method":"GET","path":"/api/properties?page=1&limit=100&sortBy=title&sortOrder=asc","statusCode":304},"timestamp":"2026-10-01T10:59:40.359Z"}
{"level":"info","message":{"durationMs":7,"method":"GET","path":"/api/site-visits?page=1&limit=25&status=SCHEDULED","statusCode":304},"timestamp":"2026-10-01T10:59:50.763Z"}
{"level":"info","message":{"durationMs":3,"method":"GET","path":"/api/site-visits?page=1&limit=25&status=COMPLETED","statusCode":304},"timestamp":"2026-10-01T10:59:51.883Z"}
{"level":"info","message":{"durationMs":2,"method":"GET","path":"/api/site-visits?page=1&limit=25&status=CANCELLED","statusCode":304},"timestamp":"2026-10-01T10:59:52.521Z"}
{"level":"info","message":{"durationMs":11,"method":"GET","path":"/api/properties?page=1&limit=25&sortBy=title&sortOrder=asc&type=Commercial","statusCode":304},"timestamp":"2026-10-01T11:00:20.177Z"}
{"level":"info","message":{"durationMs":3,"method":"GET","path":"/api/properties?page=1&limit=25&sortBy=title&sortOrder=asc&type=Apartment","statusCode":304},"timestamp":"2026-10-01T11:00:20.971Z"}
{"level":"info","message":{"durationMs":4,"method":"GET","path":"/api/properties?page=1&limit=25&sortBy=title&sortOrder=asc&type=Villa","statusCode":304},"timestamp":"2026-10-01T11:00:21.818Z"}
{"level":"info","message":{"durationMs":3,"method":"GET","path":"/api/properties?page=1&limit=25&sortBy=title&sortOrder=asc&type=Plot","statusCode":304},"timestamp":"2026-10-01T11:00:22.613Z"}
{"level":"info","message":{"durationMs":3,"method":"GET","path":"/api/properties?page=1&limit=25&sortBy=title&sortOrder=asc&listingType=Rent&type=Plot","statusCode":200},"timestamp":"2026-10-01T11:00:23.311Z"}
{"level":"info","message":{"durationMs":2,"method":"GET","path":"/api/properties?page=1&limit=25&sortBy=title&sortOrder=asc&listingType=Sale&type=Plot","statusCode":304},"timestamp":"2026-10-01T11:00:24.321Z"}
{"level":"info","message":{"durationMs":2,"method":"GET","path":"/api/properties/filters","statusCode":401},"timestamp":"2026-10-01T11:04:43.765Z"}
{"level":"info","message":{"durationMs":1,"method":"GET","path":"/api/properties?page=1&limit=25&sortBy=title&sortOrder=asc","statusCode":401},"timestamp":"2026-10-01T11:04:43.765Z"}
{"level":"info","message":{"durationMs":8,"method":"GET","path":"/api/properties?page=1&limit=25&sortBy=title&sortOrder=asc","statusCode":304},"timestamp":"2026-10-01T11:04:43.793Z"}
{"level":"info","message":{"durationMs":12,"method":"GET","path":"/api/properties/filters","statusCode":304},"timestamp":"2026-10-01T11:04:43.796Z"}
{"level":"info","message":{"durationMs":2,"method":"POST","path":"/api/properties","statusCode":401},"timestamp":"2026-10-01T11:07:50.067Z"}
{"level":"info","message":{"durationMs":64,"method":"POST","path":"/api/properties","statusCode":201},"timestamp":"2026-10-01T11:07:50.143Z"}
{"level":"info","message":{"durationMs":9,"method":"GET","path":"/api/properties?page=1&limit=25&sortBy=title&sortOrder=asc","statusCode":200},"timestamp":"2026-10-01T11:07:50.893Z"}
{"level":"info","message":{"durationMs":10,"method":"GET","path":"/api/properties/filters","statusCode":200},"timestamp":"2026-10-01T11:07:50.894Z"}
{"level":"info","message":{"durationMs":18,"method":"GET","path":"/api/dashboard?days=30","statusCode":401},"timestamp":"2026-10-01T11:11:32.474Z"}
{"level":"info","message":{"durationMs":33,"method":"GET","path":"/api/dashboard?days=30","statusCode":200},"timestamp":"2026-10-01T11:11:32.524Z"}
{"level":"info","message":{"durationMs":5,"method":"GET","path":"/api/site-visits?page=1&limit=25","statusCode":304},"timestamp":"2026-10-01T11:11:35.776Z"}
{"level":"info","message":{"durationMs":6,"method":"GET","path":"/api/properties?page=1&limit=100&sortBy=title&sortOrder=asc","statusCode":200},"timestamp":"2026-10-01T11:11:35.777Z"}
{"level":"info","message":{"durationMs":10,"method":"GET","path":"/api/properties/022c285e-3a25-4ac7-8f70-60778c8c40b4","statusCode":200},"timestamp":"2026-10-01T11:11:40.746Z"}
{"level":"info","message":{"durationMs":10,"method":"GET","path":"/api/site-visits?propertyId=022c285e-3a25-4ac7-8f70-60778c8c40b4&status=SCHEDULED&page=1&limit=1","statusCode":200},"timestamp":"2026-10-01T11:11:40.747Z"}
{"level":"info","message":{"durationMs":13,"method":"GET","path":"/api/property-activities/022c285e-3a25-4ac7-8f70-60778c8c40b4","statusCode":200},"timestamp":"2026-10-01T11:11:40.750Z"}
{"level":"info","message":{"durationMs":22,"method":"PUT","path":"/api/properties/022c285e-3a25-4ac7-8f70-60778c8c40b4","statusCode":200},"timestamp":"2026-10-01T11:11:51.321Z"}
{"level":"info","message":{"durationMs":3,"method":"GET","path":"/api/properties/022c285e-3a25-4ac7-8f70-60778c8c40b4","statusCode":200},"timestamp":"2026-10-01T11:11:51.332Z"}
{"level":"info","message":{"durationMs":9,"method":"GET","path":"/api/property-activities/022c285e-3a25-4ac7-8f70-60778c8c40b4","statusCode":200},"timestamp":"2026-10-01T11:11:51.338Z"}
{"level":"info","message":{"durationMs":17,"method":"PUT","path":"/api/properties/022c285e-3a25-4ac7-8f70-60778c8c40b4","statusCode":200},"timestamp":"2026-10-01T11:11:52.160Z"}
{"level":"info","message":{"durationMs":3,"method":"GET","path":"/api/properties/022c285e-3a25-4ac7-8f70-60778c8c40b4","statusCode":200},"timestamp":"2026-10-01T11:11:52.170Z"}
{"level":"info","message":{"durationMs":5,"method":"GET","path":"/api/property-activities/022c285e-3a25-4ac7-8f70-60778c8c40b4","statusCode":200},"timestamp":"2026-10-01T11:11:52.173Z"}
{"level":"info","message":{"durationMs":10,"method":"PUT","path":"/api/properties/022c285e-3a25-4ac7-8f70-60778c8c40b4","statusCode":200},"timestamp":"2026-10-01T11:11:53.231Z"}
{"level":"info","message":{"durationMs":3,"method":"GET","path":"/api/properties/022c285e-3a25-4ac7-8f70-60778c8c40b4","statusCode":200},"timestamp":"2026-10-01T11:11:53.240Z"}
{"level":"info","message":{"durationMs":6,"method":"GET","path":"/api/property-activities/022c285e-3a25-4ac7-8f70-60778c8c40b4","statusCode":200},"timestamp":"2026-10-01T11:11:53.244Z"}
{"level":"info","message":{"durationMs":14,"method":"PUT","path":"/api/properties/022c285e-3a25-4ac7-8f70-60778c8c40b4","statusCode":200},"timestamp":"2026-10-01T11:11:54.551Z"}
{"level":"info","message":{"durationMs":2,"method":"GET","path":"/api/properties/022c285e-3a25-4ac7-8f70-60778c8c40b4","statusCode":200},"timestamp":"2026-10-01T11:11:54.559Z"}
{"level":"info","message":{"durationMs":7,"method":"GET","path":"/api/property-activities/022c285e-3a25-4ac7-8f70-60778c8c40b4","statusCode":200},"timestamp":"2026-10-01T11:11:54.564Z"}
{"level":"info","message":{"durationMs":15,"method":"PUT","path":"/api/properties/022c285e-3a25-4ac7-8f70-60778c8c40b4","statusCode":200},"timestamp":"2026-10-01T11:11:55.113Z"}
{"level":"info","message":{"durationMs":2,"method":"GET","path":"/api/properties/022c285e-3a25-4ac7-8f70-60778c8c40b4","statusCode":200},"timestamp":"2026-10-01T11:11:55.122Z"}
{"level":"info","message":{"durationMs":4,"method":"GET","path":"/api/property-activities/022c285e-3a25-4ac7-8f70-60778c8c40b4","statusCode":200},"timestamp":"2026-10-01T11:11:55.125Z"}
{"level":"info","message":{"durationMs":9,"method":"PUT","path":"/api/properties/022c285e-3a25-4ac7-8f70-60778c8c40b4","statusCode":200},"timestamp":"2026-10-01T11:11:55.667Z"}
{"level":"info","message":{"durationMs":3,"method":"GET","path":"/api/properties/022c285e-3a25-4ac7-8f70-60778c8c40b4","statusCode":200},"timestamp":"2026-10-01T11:11:55.676Z"}
{"level":"info","message":{"durationMs":6,"method":"GET","path":"/api/property-activities/022c285e-3a25-4ac7-8f70-60778c8c40b4","statusCode":200},"timestamp":"2026-10-01T11:11:55.679Z"}
{"level":"info","message":{"durationMs":9,"method":"PUT","path":"/api/properties/022c285e-3a25-4ac7-8f70-60778c8c40b4","statusCode":200},"timestamp":"2026-10-01T11:11:56.403Z"}
{"level":"info","message":{"durationMs":3,"method":"GET","path":"/api/properties/022c285e-3a25-4ac7-8f70-60778c8c40b4","statusCode":200},"timestamp":"2026-10-01T11:11:56.413Z"}
{"level":"info","message":{"durationMs":6,"method":"GET","path":"/api/property-activities/022c285e-3a25-4ac7-8f70-60778c8c40b4","statusCode":200},"timestamp":"2026-10-01T11:11:56.417Z"}
{"level":"info","message":{"durationMs":93,"method":"GET","path":"/api/properties?page=1&limit=100&sortBy=title&sortOrder=asc","statusCode":401},"timestamp":"2026-10-01T11:20:30.951Z"}
{"level":"info","message":{"durationMs":124,"method":"GET","path":"/api/site-visits?page=1&limit=25&propertyId=022c285e-3a25-4ac7-8f70-60778c8c40b4","statusCode":401},"timestamp":"2026-10-01T11:20:30.956Z"}
{"level":"info","message":{"durationMs":89,"method":"GET","path":"/api/site-visits?page=1&limit=25&propertyId=022c285e-3a25-4ac7-8f70-60778c8c40b4","statusCode":200},"timestamp":"2026-10-01T11:20:31.090Z"}
{"level":"info","message":{"durationMs":98,"method":"GET","path":"/api/properties?page=1&limit=100&sortBy=title&sortOrder=asc","statusCode":200},"timestamp":"2026-10-01T11:20:31.098Z"}
{"level":"info","message":{"durationMs":18,"method":"GET","path":"/api/properties?page=1&limit=25&sortBy=title&sortOrder=asc","statusCode":200},"timestamp":"2026-10-01T11:20:35.642Z"}
{"level":"info","message":{"durationMs":22,"method":"GET","path":"/api/properties/filters","statusCode":304},"timestamp":"2026-10-01T11:20:35.645Z"}
{"level":"info","message":{"durationMs":35,"method":"GET","path":"/api/dashboard?days=30","statusCode":200},"timestamp":"2026-10-01T11:20:40.681Z"}
{"level":"info","message":{"durationMs":7,"method":"GET","path":"/api/site-visits?page=1&limit=25","statusCode":304},"timestamp":"2026-10-01T11:20:44.666Z"}
{"level":"info","message":{"durationMs":14,"method":"GET","path":"/api/properties?page=1&limit=100&sortBy=title&sortOrder=asc","statusCode":304},"timestamp":"2026-10-01T11:20:49.059Z"}
{"level":"info","message":{"durationMs":22,"method":"GET","path":"/api/site-visits?page=1&limit=25","statusCode":304},"timestamp":"2026-10-01T11:20:49.066Z"}
{"level":"info","message":{"durationMs":2,"method":"GET","path":"/api/properties?page=1&limit=25&sortBy=title&sortOrder=asc","statusCode":401},"timestamp":"2026-10-01T11:21:41.330Z"}
{"level":"info","message":{"durationMs":3,"method":"GET","path":"/api/properties/filters","statusCode":401},"timestamp":"2026-10-01T11:21:41.332Z"}
{"level":"info","message":{"durationMs":27,"method":"GET","path":"/api/properties?page=1&limit=25&sortBy=title&sortOrder=asc","statusCode":304},"timestamp":"2026-10-01T11:21:41.406Z"}
{"level":"info","message":{"durationMs":28,"method":"GET","path":"/api/properties/filters","statusCode":304},"timestamp":"2026-10-01T11:21:41.407Z"}
{"level":"info","message":{"durationMs":7,"method":"GET","path":"/api/properties?page=1&limit=25&sortBy=title&sortOrder=asc&minPrice=4500000","statusCode":200},"timestamp":"2026-10-01T11:21:44.952Z"}
{"level":"info","message":{"durationMs":6,"method":"GET","path":"/api/properties?page=1&limit=25&sortBy=title&sortOrder=asc&minPrice=10000000","statusCode":200},"timestamp":"2026-10-01T11:21:45.620Z"}
{"level":"info","message":{"durationMs":72,"method":"GET","path":"/api/properties?page=1&limit=25&sortBy=title&sortOrder=asc&minPrice=12500000","statusCode":200},"timestamp":"2026-10-01T11:21:50.418Z"}
{"level":"info","message":{"durationMs":6,"method":"GET","path":"/api/properties?page=1&limit=25&sortBy=title&sortOrder=asc&minPrice=15500000","statusCode":200},"timestamp":"2026-10-01T11:21:51.277Z"}
{"level":"info","message":{"durationMs":4,"method":"GET","path":"/api/properties?page=1&limit=25&sortBy=title&sortOrder=asc&minPrice=8000000","statusCode":200},"timestamp":"2026-10-01T11:21:53.116Z"}
{"level":"info","message":{"durationMs":6,"method":"GET","path":"/api/properties?page=1&limit=25&sortBy=title&sortOrder=asc&minPrice=8000000&maxPrice=13000000","statusCode":200},"timestamp":"2026-10-01T11:22:00.174Z"}
{"level":"info","message":{"durationMs":5,"method":"GET","path":"/api/properties?page=1&limit=25&sortBy=title&sortOrder=asc&minPrice=8000000&maxPrice=13500000","statusCode":200},"timestamp":"2026-10-01T11:22:01.737Z"}
{"level":"info","message":{"durationMs":5,"method":"GET","path":"/api/properties?page=1&limit=25&sortBy=title&sortOrder=asc&minPrice=8000000&maxPrice=14500000","statusCode":200},"timestamp":"2026-10-01T11:22:02.888Z"}
{"level":"info","message":{"durationMs":4,"method":"GET","path":"/api/properties?page=1&limit=25&sortBy=title&sortOrder=asc&minPrice=8000000&maxPrice=15000000","statusCode":200},"timestamp":"2026-10-01T11:22:04.453Z"}
{"level":"info","message":{"durationMs":4,"method":"GET","path":"/api/properties?page=1&limit=25&sortBy=title&sortOrder=asc&locality=behala&minPrice=8000000&maxPrice=15000000","statusCode":200},"timestamp":"2026-10-01T11:22:10.824Z"}
{"level":"info","message":{"durationMs":43,"method":"GET","path":"/api/properties?page=1&limit=100&sortBy=title&sortOrder=asc","statusCode":401},"timestamp":"2026-10-01T11:22:43.524Z"}
{"level":"info","message":{"durationMs":37,"method":"GET","path":"/api/site-visits?page=1&limit=25","statusCode":401},"timestamp":"2026-10-01T11:22:43.527Z"}
{"level":"info","message":{"durationMs":20,"method":"GET","path":"/api/site-visits?page=1&limit=25","statusCode":304},"timestamp":"2026-10-01T11:22:43.568Z"}
{"level":"info","message":{"durationMs":24,"method":"GET","path":"/api/properties?page=1&limit=100&sortBy=title&sortOrder=asc","statusCode":304},"timestamp":"2026-10-01T11:22:43.571Z"}
{"level":"info","message":{"durationMs":4,"method":"GET","path":"/api/site-visits?page=1&limit=25&status=SCHEDULED","statusCode":304},"timestamp":"2026-10-01T11:22:46.052Z"}
{"level":"info","message":{"durationMs":2,"method":"GET","path":"/api/site-visits?page=1&limit=25&status=COMPLETED","statusCode":304},"timestamp":"2026-10-01T11:22:46.844Z"}
{"level":"info","message":{"durationMs":3,"method":"GET","path":"/api/site-visits?page=1&limit=25&status=CANCELLED","statusCode":304},"timestamp":"2026-10-01T11:22:47.548Z"}
{"level":"info","message":{"durationMs":6,"method":"GET","path":"/api/properties","statusCode":401},"timestamp":"2026-10-01T12:22:49.605Z"}
{"level":"info","message":{"durationMs":0,"method":"POST","path":"/api/properties","statusCode":401},"timestamp":"2026-10-01T12:22:49.653Z"}
{"level":"info","message":{"durationMs":1,"method":"PUT","path":"/api/properties/test-id","statusCode":401},"timestamp":"2026-10-01T12:22:49.669Z"}
{"level":"info","message":{"durationMs":1,"method":"DELETE","path":"/api/properties/test-id","statusCode":401},"timestamp":"2026-10-01T12:22:49.677Z"}
{"level":"info","message":{"durationMs":147,"method":"GET","path":"/api/dashboard?from=2026-09-25&to=2026-10-01","statusCode":200},"timestamp":"2026-10-01T12:55:41.355Z"}
{"level":"info","message":{"durationMs":2,"method":"GET","path":"/api/dashboard?from=2026-09-25&to=2026-10-01","statusCode":200},"timestamp":"2026-10-01T12:55:52.558Z"}
{"level":"info","message":{"durationMs":107,"method":"GET","path":"/api/dashboard?from=2026-09-25&to=2026-10-01","statusCode":304},"timestamp":"2026-10-01T12:57:20.853Z"}
{"level":"info","message":{"durationMs":198,"method":"GET","path":"/api/dashboard?from=2026-09-25&to=2026-10-01","statusCode":304},"timestamp":"2026-10-01T13:04:33.777Z"}
{"level":"info","message":{"durationMs":15,"method":"GET","path":"/api/properties?page=1&limit=25&sortBy=title&sortOrder=asc","statusCode":304},"timestamp":"2026-10-01T13:04:43.032Z"}
{"level":"info","message":{"durationMs":18,"method":"GET","path":"/api/properties/filters","statusCode":304},"timestamp":"2026-10-01T13:04:43.034Z"}
{"level":"info","message":{"durationMs":35,"method":"GET","path":"/api/dashboard?from=2026-09-25&to=2026-10-01","statusCode":304},"timestamp":"2026-10-01T13:06:30.986Z"}
{"level":"info","message":{"durationMs":107,"method":"GET","path":"/api/site-visits?page=1&limit=100&from=2026-09-26T18%3A30%3A00.000Z&to=2026-11-07T18%3A30%3A00.000Z","statusCode":200},"timestamp":"2026-10-01T13:07:48.449Z"}
{"level":"info","message":{"durationMs":128,"method":"GET","path":"/api/properties?page=1&limit=100&sortBy=title&sortOrder=asc","statusCode":200},"timestamp":"2026-10-01T13:07:48.463Z"}
{"level":"info","message":{"durationMs":6,"method":"GET","path":"/api/site-visits?page=1&limit=100&from=2026-09-26T18%3A30%3A00.000Z&to=2026-10-03T18%3A30%3A00.000Z","statusCode":200},"timestamp":"2026-10-01T13:07:49.096Z"}
{"level":"info","message":{"durationMs":18,"method":"GET","path":"/api/dashboard?from=2026-09-25&to=2026-10-01","statusCode":304},"timestamp":"2026-10-01T13:07:54.903Z"}
{"level":"info","message":{"durationMs":4,"method":"GET","path":"/api/properties?page=1&limit=100&sortBy=title&sortOrder=asc","statusCode":304},"timestamp":"2026-10-01T13:07:57.889Z"}
{"level":"info","message":{"durationMs":7,"method":"GET","path":"/api/site-visits?page=1&limit=100&from=2026-09-26T18%3A30%3A00.000Z&to=2026-11-07T18%3A30%3A00.000Z","statusCode":200},"timestamp":"2026-10-01T13:07:57.891Z"}
{"level":"info","message":{"durationMs":19,"method":"GET","path":"/api/site-visits?page=1&limit=100&from=2026-09-27T18%3A30%3A00.000Z&to=2026-11-08T18%3A30%3A00.000Z","statusCode":200},"timestamp":"2026-10-01T13:08:38.212Z"}
{"level":"info","message":{"durationMs":13,"method":"GET","path":"/api/site-visits?page=1&limit=100&from=2026-09-27T18%3A30%3A00.000Z&to=2026-11-08T18%3A30%3A00.000Z","statusCode":200},"timestamp":"2026-10-01T13:08:38.508Z"}
{"level":"info","message":{"durationMs":4,"method":"GET","path":"/api/site-visits?page=1&limit=100&from=2026-09-27T18%3A30%3A00.000Z&to=2026-10-04T18%3A30%3A00.000Z","statusCode":200},"timestamp":"2026-10-01T13:08:39.396Z"}
{"level":"info","message":{"durationMs":2,"method":"GET","path":"/api/properties?page=1&limit=100&sortBy=title&sortOrder=asc","statusCode":304},"timestamp":"2026-10-01T13:08:46.143Z"}
{"level":"info","message":{"durationMs":7,"method":"GET","path":"/api/site-visits?page=1&limit=100&from=2026-09-27T18%3A30%3A00.000Z&to=2026-11-08T18%3A30%3A00.000Z","statusCode":304},"timestamp":"2026-10-01T13:08:46.149Z"}
{"level":"info","message":{"durationMs":3,"method":"GET","path":"/api/properties","statusCode":401},"timestamp":"2026-10-01T13:09:12.210Z"}
{"level":"info","message":{"durationMs":1,"method":"POST","path":"/api/properties","statusCode":401},"timestamp":"2026-10-01T13:09:12.238Z"}
{"level":"info","message":{"durationMs":1,"method":"PUT","path":"/api/properties/test-id","statusCode":401},"timestamp":"2026-10-01T13:09:12.243Z"}
{"level":"info","message":{"durationMs":1,"method":"DELETE","path":"/api/properties/test-id","statusCode":401},"timestamp":"2026-10-01T13:09:12.247Z"}
{"level":"info","message":{"durationMs":8,"method":"GET","path":"/api/site-visits?page=1&limit=100&from=2026-09-27T18%3A30%3A00.000Z&to=2026-10-04T18%3A30%3A00.000Z","statusCode":401},"timestamp":"2026-10-01T13:09:59.950Z"}
{"level":"info","message":{"durationMs":24,"method":"GET","path":"/api/site-visits?page=1&limit=100&from=2026-09-27T18%3A30%3A00.000Z&to=2026-10-04T18%3A30%3A00.000Z","statusCode":304},"timestamp":"2026-10-01T13:10:00.010Z"}
{"level":"info","message":{"durationMs":93,"method":"GET","path":"/api/dashboard?from=2026-09-25&to=2026-10-01","statusCode":304},"timestamp":"2026-10-01T13:10:12.228Z"}
{"level":"info","message":{"durationMs":6,"method":"GET","path":"/api/properties?page=1&limit=25&sortBy=title&sortOrder=asc","statusCode":304},"timestamp":"2026-10-01T13:10:13.433Z"}
{"level":"info","message":{"durationMs":18,"method":"GET","path":"/api/properties/filters","statusCode":304},"timestamp":"2026-10-01T13:10:13.444Z"}
{"level":"info","message":{"durationMs":1,"method":"GET","path":"/api/dashboard?from=2026-09-25&to=2026-10-01","statusCode":200},"timestamp":"2026-10-01T13:10:24.107Z"}
{"level":"info","message":{"durationMs":22,"method":"GET","path":"/api/properties?page=1&limit=100&sortBy=title&sortOrder=asc","statusCode":200},"timestamp":"2026-10-01T13:10:45.362Z"}
{"level":"info","message":{"durationMs":24,"method":"GET","path":"/api/site-visits?page=1&limit=100&from=2026-09-27T18%3A30%3A00.000Z&to=2026-11-08T18%3A30%3A00.000Z","statusCode":200},"timestamp":"2026-10-01T13:10:45.364Z"}
{"level":"info","message":{"durationMs":5,"method":"POST","path":"/api/site-visits","statusCode":401},"timestamp":"2026-10-01T13:11:12.917Z"}
{"level":"info","message":{"durationMs":40,"method":"POST","path":"/api/site-visits","statusCode":201},"timestamp":"2026-10-01T13:11:12.972Z"}
{"level":"info","message":{"durationMs":13,"method":"GET","path":"/api/site-visits?page=1&limit=100&from=2026-09-27T18%3A30%3A00.000Z&to=2026-11-08T18%3A30%3A00.000Z","statusCode":200},"timestamp":"2026-10-01T13:11:12.992Z"}
{"level":"info","message":{"durationMs":1,"method":"GET","path":"/api/site-visits?from=not-a-date&to=also-not-a-date","statusCode":401},"timestamp":"2026-10-01T13:11:25.807Z"}
{"level":"info","message":{"durationMs":1,"method":"GET","path":"/api/site-visits?from=not-a-date&to=also-not-a-date","statusCode":400},"timestamp":"2026-10-01T13:11:37.253Z"}
{"level":"info","message":{"durationMs":4,"method":"GET","path":"/api/properties?page=1&limit=100&sortBy=title&sortOrder=asc","statusCode":304},"timestamp":"2026-10-01T13:11:44.859Z"}
{"level":"info","message":{"durationMs":17,"method":"GET","path":"/api/site-visits?page=1&limit=100&from=2026-09-27T18%3A30%3A00.000Z&to=2026-11-08T18%3A30%3A00.000Z","statusCode":200},"timestamp":"2026-10-01T13:11:44.873Z"}
{"level":"info","message":{"durationMs":15,"method":"GET","path":"/api/properties/022c285e-3a25-4ac7-8f70-60778c8c40b4","statusCode":304},"timestamp":"2026-10-01T13:11:52.565Z"}
{"level":"info","message":{"durationMs":31,"method":"GET","path":"/api/site-visits?propertyId=022c285e-3a25-4ac7-8f70-60778c8c40b4&status=SCHEDULED&page=1&limit=1","statusCode":200},"timestamp":"2026-10-01T13:11:52.581Z"}
{"level":"info","message":{"durationMs":39,"method":"GET","path":"/api/property-activities/022c285e-3a25-4ac7-8f70-60778c8c40b4","statusCode":304},"timestamp":"2026-10-01T13:11:52.589Z"}
{"level":"info","message":{"durationMs":25,"method":"GET","path":"/api/site-visits?page=1&limit=100&from=2026-09-27T18%3A30%3A00.000Z&to=2026-11-08T18%3A30%3A00.000Z","statusCode":401},"timestamp":"2026-10-01T13:20:51.110Z"}
{"level":"info","message":{"durationMs":33,"method":"GET","path":"/api/properties?page=1&limit=100&sortBy=title&sortOrder=asc","statusCode":401},"timestamp":"2026-10-01T13:20:51.120Z"}
{"level":"info","message":{"durationMs":63,"method":"GET","path":"/api/properties?page=1&limit=100&sortBy=title&sortOrder=asc","statusCode":304},"timestamp":"2026-10-01T13:20:51.200Z"}
{"level":"info","message":{"durationMs":66,"method":"GET","path":"/api/site-visits?page=1&limit=100&from=2026-09-27T18%3A30%3A00.000Z&to=2026-11-08T18%3A30%3A00.000Z","statusCode":304},"timestamp":"2026-10-01T13:20:51.203Z"}
{"level":"info","message":{"durationMs":6,"method":"GET","path":"/api/properties?page=1&limit=25&sortBy=title&sortOrder=asc","statusCode":304},"timestamp":"2026-10-01T13:20:54.593Z"}
{"level":"info","message":{"durationMs":12,"method":"GET","path":"/api/properties/filters","statusCode":304},"timestamp":"2026-10-01T13:20:54.599Z"}
{"level":"info","message":{"durationMs":29,"method":"GET","path":"/api/dashboard?from=2026-09-25&to=2026-10-01","statusCode":304},"timestamp":"2026-10-01T13:20:56.086Z"}
{"level":"info","message":{"durationMs":2,"method":"GET","path":"/api/dashboard?from=2026-09-25&to=2026-10-01","statusCode":200},"timestamp":"2026-10-01T13:21:04.213Z"}
{"level":"info","message":{"durationMs":28,"method":"GET","path":"/api/properties/00000000-0000-4000-8000-000000000001","statusCode":404},"timestamp":"2026-10-01T13:21:11.854Z"}
{"level":"info","message":{"durationMs":21,"method":"GET","path":"/api/site-visits?propertyId=00000000-0000-4000-8000-000000000001&status=SCHEDULED&page=1&limit=1","statusCode":200},"timestamp":"2026-10-01T13:21:11.856Z"}
{"level":"info","message":{"durationMs":25,"method":"GET","path":"/api/property-activities/00000000-0000-4000-8000-000000000001","statusCode":404},"timestamp":"2026-10-01T13:21:11.858Z"}
{"level":"info","message":{"durationMs":3,"method":"GET","path":"/api/properties?page=1&limit=25&sortBy=title&sortOrder=asc","statusCode":200},"timestamp":"2026-10-01T13:21:41.324Z"}
{"level":"info","message":{"durationMs":17,"method":"GET","path":"/api/properties/filters","statusCode":200},"timestamp":"2026-10-01T13:21:41.342Z"}
{"level":"info","message":{"durationMs":18,"method":"GET","path":"/api/dashboard?from=2026-09-25&to=2026-10-01","statusCode":200},"timestamp":"2026-10-01T13:22:07.540Z"}
{"level":"info","message":{"durationMs":5,"method":"GET","path":"/api/properties?page=1&limit=100&sortBy=title&sortOrder=asc","statusCode":200},"timestamp":"2026-10-01T13:22:08.827Z"}
{"level":"info","message":{"durationMs":8,"method":"GET","path":"/api/site-visits?page=1&limit=100&from=2026-09-27T18%3A30%3A00.000Z&to=2026-11-08T18%3A30%3A00.000Z","statusCode":200},"timestamp":"2026-10-01T13:22:08.831Z"}
{"level":"info","message":{"durationMs":1,"method":"PATCH","path":"/api/properties/bulk","statusCode":401},"timestamp":"2026-10-01T13:22:13.648Z"}
{"level":"info","message":{"durationMs":42,"method":"PATCH","path":"/api/properties/bulk","statusCode":200},"timestamp":"2026-10-01T13:22:13.703Z"}
{"level":"info","message":{"durationMs":3,"method":"GET","path":"/api/properties?page=1&limit=25&sortBy=title&sortOrder=asc","statusCode":200},"timestamp":"2026-10-01T13:22:13.714Z"}
{"level":"info","message":{"durationMs":8,"method":"GET","path":"/api/properties/filters","statusCode":304},"timestamp":"2026-10-01T13:22:13.719Z"}
{"level":"info","message":{"durationMs":18,"method":"GET","path":"/api/properties?page=1&limit=100&sortBy=title&sortOrder=asc","statusCode":200},"timestamp":"2026-10-01T13:22:35.944Z"}
{"level":"info","message":{"durationMs":24,"method":"GET","path":"/api/site-visits?page=1&limit=100&from=2026-09-27T18%3A30%3A00.000Z&to=2026-11-08T18%3A30%3A00.000Z","statusCode":200},"timestamp":"2026-10-01T13:22:35.951Z"}
{"level":"info","message":{"durationMs":11,"method":"GET","path":"/api/properties?page=1&limit=25&sortBy=title&sortOrder=asc&listingType=Rent","statusCode":200},"timestamp":"2026-10-01T13:22:58.827Z"}
{"level":"info","message":{"durationMs":3,"method":"GET","path":"/api/properties?page=1&limit=25&sortBy=title&sortOrder=asc&listingType=Sale","statusCode":304},"timestamp":"2026-10-01T13:22:59.913Z"}
{"level":"info","message":{"durationMs":3,"method":"GET","path":"/api/properties?page=1&limit=25&sortBy=title&sortOrder=asc&listingType=Sale&type=Apartment","statusCode":304},"timestamp":"2026-10-01T13:23:01.128Z"}
{"level":"info","message":{"durationMs":3,"method":"GET","path":"/api/properties?page=1&limit=25&sortBy=title&sortOrder=asc&listingType=Sale&type=Villa","statusCode":304},"timestamp":"2026-10-01T13:23:01.883Z"}
{"level":"info","message":{"durationMs":5,"method":"GET","path":"/api/properties?page=1&limit=25&sortBy=title&sortOrder=asc&listingType=Sale&type=Plot","statusCode":304},"timestamp":"2026-10-01T13:23:02.404Z"}
{"level":"info","message":{"durationMs":3,"method":"GET","path":"/api/properties?page=1&limit=25&sortBy=title&sortOrder=asc&listingType=Sale&type=Commercial","statusCode":304},"timestamp":"2026-10-01T13:23:02.946Z"}
{"level":"info","message":{"durationMs":2,"method":"GET","path":"/api/properties?page=1&limit=25&sortBy=title&sortOrder=asc&listingType=Sale&type=Commercial&bhk=3","statusCode":200},"timestamp":"2026-10-01T13:23:03.962Z"}
{"level":"info","message":{"durationMs":3,"method":"GET","path":"/api/properties?page=1&limit=25&sortBy=title&sortOrder=asc&listingType=Sale&type=Commercial&bhk=3%2C4","statusCode":200},"timestamp":"2026-10-01T13:23:04.608Z"}
{"level":"info","message":{"durationMs":9,"method":"GET","path":"/api/properties?page=1&limit=25&sortBy=title&sortOrder=asc&listingType=Sale&type=Commercial&bhk=3%2C4%2C2","statusCode":200},"timestamp":"2026-10-01T13:23:05.391Z"}
{"level":"info","message":{"durationMs":3,"method":"GET","path":"/api/properties?page=1&limit=25&sortBy=title&sortOrder=asc&listingType=Sale&type=Commercial&bhk=3%2C4%2C2%2C1","statusCode":200},"timestamp":"2026-10-01T13:23:05.946Z"}
{"level":"info","message":{"durationMs":2,"method":"GET","path":"/api/properties?page=1&limit=25&sortBy=title&sortOrder=asc&listingType=Sale&type=Commercial&bhk=3%2C4%2C2%2C1","statusCode":304},"timestamp":"2026-10-01T13:23:09.704Z"}
{"level":"info","message":{"durationMs":7,"method":"GET","path":"/api/properties/filters","statusCode":304},"timestamp":"2026-10-01T13:23:09.708Z"}
{"level":"info","message":{"durationMs":132,"method":"GET","path":"/api/dashboard?from=2026-09-25&to=2026-10-01","statusCode":304},"timestamp":"2026-10-01T14:06:02.912Z"}
{"level":"info","message":{"durationMs":3,"method":"GET","path":"/api/dashboard?from=2026-09-25&to=2026-10-01","statusCode":401},"timestamp":"2026-10-01T14:06:43.036Z"}
{"level":"info","message":{"durationMs":1,"method":"GET","path":"/api/dashboard?from=2026-09-25&to=2026-10-01","statusCode":401},"timestamp":"2026-10-01T14:06:58.310Z"}
{"level":"info","message":{"durationMs":4,"method":"GET","path":"/api/properties","statusCode":401},"timestamp":"2026-10-01T14:08:58.671Z"}
{"level":"info","message":{"durationMs":1,"method":"POST","path":"/api/properties","statusCode":401},"timestamp":"2026-10-01T14:08:58.715Z"}
{"level":"info","message":{"durationMs":0,"method":"PUT","path":"/api/properties/test-id","statusCode":401},"timestamp":"2026-10-01T14:08:58.720Z"}
{"level":"info","message":{"durationMs":0,"method":"DELETE","path":"/api/properties/test-id","statusCode":401},"timestamp":"2026-10-01T14:08:58.725Z"}
{"level":"info","message":{"durationMs":8,"method":"GET","path":"/api/dashboard?from=2026-09-25&to=2026-10-01","statusCode":401},"timestamp":"2026-10-01T14:10:08.001Z"}
{"level":"info","message":{"durationMs":2,"method":"GET","path":"/api/dashboard?from=2026-09-25&to=2026-10-01","statusCode":401},"timestamp":"2026-10-01T14:10:08.026Z"}
{"level":"info","message":{"durationMs":1,"method":"GET","path":"/api/dashboard?from=2026-09-25&to=2026-10-01","statusCode":401},"timestamp":"2026-10-01T14:10:25.796Z"}
{"level":"info","message":{"durationMs":2,"method":"GET","path":"/api/dashboard?from=2026-09-25&to=2026-10-01","statusCode":401},"timestamp":"2026-10-01T14:10:26.063Z"}
{"level":"info","message":{"durationMs":2,"method":"GET","path":"/api/dashboard?from=2026-09-25&to=2026-10-01","statusCode":401},"timestamp":"2026-10-01T14:10:33.373Z"}
{"level":"info","message":{"durationMs":2,"method":"GET","path":"/api/dashboard?from=2026-09-25&to=2026-10-01","statusCode":401},"timestamp":"2026-10-01T14:10:33.711Z"}
{"level":"info","message":{"durationMs":3,"method":"GET","path":"/api/dashboard?from=2026-09-25&to=2026-10-01","statusCode":401},"timestamp":"2026-10-01T14:10:34.703Z"}
{"level":"info","message":{"durationMs":1,"method":"GET","path":"/api/dashboard?from=2026-09-25&to=2026-10-01","statusCode":401},"timestamp":"2026-10-01T14:10:34.732Z"}
{"level":"info","message":{"durationMs":77,"method":"GET","path":"/api/properties?page=1&limit=100&sortBy=title&sortOrder=asc","statusCode":401},"timestamp":"2026-10-01T14:12:26.208Z"}
{"level":"info","message":{"durationMs":54,"method":"GET","path":"/api/site-visits?page=1&limit=100&from=2026-09-27T18%3A30%3A00.000Z&to=2026-11-08T18%3A30%3A00.000Z","statusCode":401},"timestamp":"2026-10-01T14:12:26.209Z"}
{"level":"info","message":{"durationMs":69,"method":"GET","path":"/api/properties?page=1&limit=100&sortBy=title&sortOrder=asc","statusCode":200},"timestamp":"2026-10-01T14:12:26.507Z"}
{"level":"info","message":{"durationMs":72,"method":"GET","path":"/api/site-visits?page=1&limit=100&from=2026-09-27T18%3A30%3A00.000Z&to=2026-11-08T18%3A30%3A00.000Z","statusCode":304},"timestamp":"2026-10-01T14:12:26.512Z"}
{"level":"info","message":{"durationMs":7,"method":"GET","path":"/api/properties?page=1&limit=25&sortBy=title&sortOrder=asc","statusCode":304},"timestamp":"2026-10-01T14:12:27.266Z"}
{"level":"info","message":{"durationMs":60,"method":"GET","path":"/api/properties/filters","statusCode":304},"timestamp":"2026-10-01T14:12:27.319Z"}
{"level":"info","message":{"durationMs":4,"method":"GET","path":"/health","statusCode":200},"timestamp":"2026-10-01T14:14:03.289Z"}
{"level":"info","message":{"durationMs":18,"method":"GET","path":"/api/properties/filters","statusCode":401},"timestamp":"2026-10-01T14:15:31.088Z"}
{"level":"info","message":{"durationMs":13,"method":"GET","path":"/api/properties?page=1&limit=25&sortBy=title&sortOrder=asc","statusCode":401},"timestamp":"2026-10-01T14:15:31.089Z"}
{"level":"info","message":{"durationMs":36,"method":"GET","path":"/api/dashboard?from=2026-09-25&to=2026-10-01","statusCode":304},"timestamp":"2026-10-01T14:15:34.549Z"}
{"level":"info","message":{"durationMs":20,"method":"GET","path":"/api/properties?page=1&limit=25&sortBy=title&sortOrder=asc","statusCode":304},"timestamp":"2026-10-01T14:15:59.462Z"}
{"level":"info","message":{"durationMs":23,"method":"GET","path":"/api/properties/filters","statusCode":304},"timestamp":"2026-10-01T14:15:59.464Z"}
{"level":"info","message":{"durationMs":67,"method":"GET","path":"/api/dashboard?from=2026-09-25&to=2026-10-01","statusCode":304},"timestamp":"2026-10-01T14:19:19.437Z"}
{"level":"info","message":{"durationMs":185,"method":"GET","path":"/api/master-data","statusCode":401},"timestamp":"2026-10-01T15:16:45.452Z"}
{"level":"info","message":{"durationMs":136,"method":"GET","path":"/api/master-data","statusCode":200},"timestamp":"2026-10-01T15:16:45.716Z"}
{"level":"info","message":{"durationMs":5,"method":"GET","path":"/api/properties","statusCode":401},"timestamp":"2026-10-01T15:43:44.790Z"}
{"level":"info","message":{"durationMs":1,"method":"POST","path":"/api/properties","statusCode":401},"timestamp":"2026-10-01T15:43:44.833Z"}
{"level":"info","message":{"durationMs":1,"method":"PUT","path":"/api/properties/test-id","statusCode":401},"timestamp":"2026-10-01T15:43:44.841Z"}
{"level":"info","message":{"durationMs":0,"method":"DELETE","path":"/api/properties/test-id","statusCode":401},"timestamp":"2026-10-01T15:43:44.848Z"}
{"level":"info","message":{"durationMs":140,"method":"PUT","path":"/api/master-data/e13cb007-8fa3-4ce8-aa44-635c3d1c2ff4","statusCode":401},"timestamp":"2026-10-01T15:52:52.278Z"}
{"level":"info","message":{"durationMs":71,"method":"PUT","path":"/api/master-data/e13cb007-8fa3-4ce8-aa44-635c3d1c2ff4","statusCode":500},"timestamp":"2026-10-01T15:52:52.447Z"}
{"level":"info","message":{"durationMs":64,"method":"GET","path":"/api/master-data","statusCode":304},"timestamp":"2026-10-01T15:52:52.525Z"}
{"level":"info","message":{"durationMs":3,"method":"PUT","path":"/api/master-data/39d5bc63-2193-45c6-84a3-aa9667f77769","statusCode":500},"timestamp":"2026-10-01T15:53:01.041Z"}
{"level":"info","message":{"durationMs":7,"method":"GET","path":"/api/master-data","statusCode":304},"timestamp":"2026-10-01T15:53:01.054Z"}
{"level":"info","message":{"durationMs":4,"method":"PUT","path":"/api/master-data/39d5bc63-2193-45c6-84a3-aa9667f77769","statusCode":500},"timestamp":"2026-10-01T15:53:01.712Z"}
{"level":"info","message":{"durationMs":6,"method":"GET","path":"/api/master-data","statusCode":304},"timestamp":"2026-10-01T15:53:01.727Z"}
{"level":"info","message":{"durationMs":4,"method":"PUT","path":"/api/master-data/1fa8b3bd-1973-46f1-b8ab-c874d76af567","statusCode":500},"timestamp":"2026-10-01T15:53:04.629Z"}
{"level":"info","message":{"durationMs":4,"method":"GET","path":"/api/master-data","statusCode":304},"timestamp":"2026-10-01T15:53:04.640Z"}
{"level":"info","message":{"durationMs":4,"method":"PUT","path":"/api/master-data/2cf96ee1-3b17-4381-b0d5-33b019727211","statusCode":500},"timestamp":"2026-10-01T15:53:05.815Z"}
{"level":"info","message":{"durationMs":4,"method":"GET","path":"/api/master-data","statusCode":304},"timestamp":"2026-10-01T15:53:05.826Z"}
{"level":"info","message":{"durationMs":21,"method":"DELETE","path":"/api/master-data/2cf96ee1-3b17-4381-b0d5-33b019727211","statusCode":200},"timestamp":"2026-10-01T15:53:10.207Z"}
{"level":"info","message":{"durationMs":25,"method":"GET","path":"/api/master-data","statusCode":200},"timestamp":"2026-10-01T15:53:10.239Z"}
{"level":"info","message":{"durationMs":61,"method":"GET","path":"/api/site-visits?page=1&limit=100&from=2026-09-27T18%3A30%3A00.000Z&to=2026-11-08T18%3A30%3A00.000Z","statusCode":401},"timestamp":"2026-10-01T16:01:54.354Z"}
{"level":"info","message":{"durationMs":10,"method":"GET","path":"/api/properties?page=1&limit=100&sortBy=title&sortOrder=asc","statusCode":401},"timestamp":"2026-10-01T16:01:54.373Z"}
{"level":"info","message":{"durationMs":28,"method":"GET","path":"/api/properties?page=1&limit=100&sortBy=title&sortOrder=asc","statusCode":200},"timestamp":"2026-10-01T16:01:54.471Z"}
{"level":"info","message":{"durationMs":34,"method":"GET","path":"/api/site-visits?page=1&limit=100&from=2026-09-27T18%3A30%3A00.000Z&to=2026-11-08T18%3A30%3A00.000Z","statusCode":200},"timestamp":"2026-10-01T16:01:54.476Z"}
{"level":"info","message":{"durationMs":4,"method":"GET","path":"/api/site-visits?page=1&limit=100&from=2026-10-25T18%3A30%3A00.000Z&to=2026-12-06T18%3A30%3A00.000Z","statusCode":200},"timestamp":"2026-10-01T16:01:58.137Z"}
{"level":"info","message":{"durationMs":7,"method":"GET","path":"/api/properties/022c285e-3a25-4ac7-8f70-60778c8c40b4","statusCode":200},"timestamp":"2026-10-01T16:02:01.649Z"}
{"level":"info","message":{"durationMs":12,"method":"GET","path":"/api/site-visits?propertyId=022c285e-3a25-4ac7-8f70-60778c8c40b4&status=SCHEDULED&page=1&limit=1","statusCode":200},"timestamp":"2026-10-01T16:02:01.656Z"}
{"level":"info","message":{"durationMs":17,"method":"GET","path":"/api/property-activities/022c285e-3a25-4ac7-8f70-60778c8c40b4","statusCode":200},"timestamp":"2026-10-01T16:02:01.662Z"}
{"level":"info","message":{"durationMs":19,"method":"GET","path":"/api/properties?page=1&limit=25&sortBy=title&sortOrder=asc","statusCode":200},"timestamp":"2026-10-01T16:02:06.782Z"}
{"level":"info","message":{"durationMs":23,"method":"GET","path":"/api/properties/filters","statusCode":200},"timestamp":"2026-10-01T16:02:06.785Z"}
{"level":"info","message":{"durationMs":34,"method":"GET","path":"/api/dashboard?from=2026-09-25&to=2026-10-01","statusCode":200},"timestamp":"2026-10-01T16:02:18.043Z"}
{"level":"info","message":{"durationMs":22,"method":"GET","path":"/api/master-data","statusCode":401},"timestamp":"2026-10-01T16:03:01.985Z"}
{"level":"info","message":{"durationMs":32,"method":"GET","path":"/api/master-data","statusCode":304},"timestamp":"2026-10-01T16:03:02.110Z"}
{"level":"info","message":{"durationMs":16,"method":"PUT","path":"/api/master-data/786f6b59-982f-448f-8715-44e86645d279","statusCode":500},"timestamp":"2026-10-01T16:03:19.967Z"}
{"level":"info","message":{"durationMs":7,"method":"GET","path":"/api/master-data","statusCode":304},"timestamp":"2026-10-01T16:03:19.981Z"}
{"level":"info","message":{"durationMs":4,"method":"PUT","path":"/api/master-data/0ea175e3-fd33-4d56-aaf2-8f71b96e01f2","statusCode":500},"timestamp":"2026-10-01T16:03:20.722Z"}
{"level":"info","message":{"durationMs":4,"method":"GET","path":"/api/master-data","statusCode":304},"timestamp":"2026-10-01T16:03:20.733Z"}
{"level":"info","message":{"durationMs":4,"method":"PUT","path":"/api/master-data/1fa8b3bd-1973-46f1-b8ab-c874d76af567","statusCode":500},"timestamp":"2026-10-01T16:03:22.006Z"}
{"level":"info","message":{"durationMs":4,"method":"GET","path":"/api/master-data","statusCode":304},"timestamp":"2026-10-01T16:03:22.015Z"}
{"level":"info","message":{"durationMs":5,"method":"PUT","path":"/api/master-data/e13cb007-8fa3-4ce8-aa44-635c3d1c2ff4","statusCode":500},"timestamp":"2026-10-01T16:03:23.067Z"}
{"level":"info","message":{"durationMs":3,"method":"GET","path":"/api/master-data","statusCode":304},"timestamp":"2026-10-01T16:03:23.076Z"}
{"level":"info","message":{"durationMs":3,"method":"PUT","path":"/api/master-data/39d5bc63-2193-45c6-84a3-aa9667f77769","statusCode":500},"timestamp":"2026-10-01T16:03:24.043Z"}
{"level":"info","message":{"durationMs":4,"method":"GET","path":"/api/master-data","statusCode":304},"timestamp":"2026-10-01T16:03:24.053Z"}
{"level":"info","message":{"durationMs":3,"method":"PUT","path":"/api/master-data/0ec4d173-05fb-4515-9fd1-3fd0ac0003e7","statusCode":500},"timestamp":"2026-10-01T16:03:24.898Z"}
{"level":"info","message":{"durationMs":3,"method":"GET","path":"/api/master-data","statusCode":304},"timestamp":"2026-10-01T16:03:24.911Z"}
{"level":"info","message":{"durationMs":4,"method":"PUT","path":"/api/master-data/0ec4d173-05fb-4515-9fd1-3fd0ac0003e7","statusCode":500},"timestamp":"2026-10-01T16:03:25.391Z"}
{"level":"info","message":{"durationMs":3,"method":"GET","path":"/api/master-data","statusCode":304},"timestamp":"2026-10-01T16:03:25.400Z"}
{"level":"info","message":{"durationMs":26,"method":"GET","path":"/api/properties/filters","statusCode":304},"timestamp":"2026-10-01T16:03:48.837Z"}
{"level":"info","message":{"durationMs":1,"method":"GET","path":"/api/properties?page=1&limit=25&sortBy=title&sortOrder=asc&minPrice=7500000","statusCode":401},"timestamp":"2026-10-01T16:04:05.706Z"}
{"level":"info","message":{"durationMs":10,"method":"GET","path":"/api/properties?page=1&limit=25&sortBy=title&sortOrder=asc&minPrice=7500000","statusCode":200},"timestamp":"2026-10-01T16:04:05.744Z"}
{"level":"info","message":{"durationMs":4,"method":"GET","path":"/api/properties?page=1&limit=25&sortBy=title&sortOrder=asc&minPrice=12500000","statusCode":304},"timestamp":"2026-10-01T16:04:06.742Z"}
{"level":"info","message":{"durationMs":3,"method":"GET","path":"/api/properties?page=1&limit=25&sortBy=title&sortOrder=asc&minPrice=15500000","statusCode":304},"timestamp":"2026-10-01T16:04:07.318Z"}
{"level":"info","message":{"durationMs":22,"method":"GET","path":"/api/properties/filters","statusCode":304},"timestamp":"2026-10-01T16:04:46.337Z"}
{"level":"info","message":{"durationMs":25,"method":"GET","path":"/api/properties?page=1&limit=25&sortBy=title&sortOrder=asc","statusCode":304},"timestamp":"2026-10-01T16:04:46.340Z"}
{"level":"info","message":{"durationMs":13,"method":"GET","path":"/api/properties?page=1&limit=100&sortBy=title&sortOrder=asc","statusCode":304},"timestamp":"2026-10-01T16:05:00.934Z"}
{"level":"info","message":{"durationMs":24,"method":"GET","path":"/api/site-visits?page=1&limit=100&from=2026-09-27T18%3A30%3A00.000Z&to=2026-11-08T18%3A30%3A00.000Z","statusCode":304},"timestamp":"2026-10-01T16:05:00.939Z"}
{"level":"info","message":{"durationMs":1,"method":"GET","path":"/api/properties/022c285e-3a25-4ac7-8f70-60778c8c40b4","statusCode":401},"timestamp":"2026-10-01T16:05:05.201Z"}
{"level":"info","message":{"durationMs":2,"method":"GET","path":"/api/property-activities/022c285e-3a25-4ac7-8f70-60778c8c40b4","statusCode":401},"timestamp":"2026-10-01T16:05:05.202Z"}
{"level":"info","message":{"durationMs":3,"method":"GET","path":"/api/site-visits?propertyId=022c285e-3a25-4ac7-8f70-60778c8c40b4&status=SCHEDULED&page=1&limit=1","statusCode":401},"timestamp":"2026-10-01T16:05:05.203Z"}
{"level":"info","message":{"durationMs":5,"method":"GET","path":"/api/properties/022c285e-3a25-4ac7-8f70-60778c8c40b4","statusCode":304},"timestamp":"2026-10-01T16:05:05.233Z"}
{"level":"info","message":{"durationMs":11,"method":"GET","path":"/api/site-visits?propertyId=022c285e-3a25-4ac7-8f70-60778c8c40b4&status=SCHEDULED&page=1&limit=1","statusCode":304},"timestamp":"2026-10-01T16:05:05.240Z"}
{"level":"info","message":{"durationMs":14,"method":"GET","path":"/api/property-activities/022c285e-3a25-4ac7-8f70-60778c8c40b4","statusCode":304},"timestamp":"2026-10-01T16:05:05.243Z"}
{"level":"info","message":{"durationMs":13,"method":"GET","path":"/api/master-data","statusCode":401},"timestamp":"2026-10-01T16:08:20.515Z"}
{"level":"info","message":{"durationMs":45,"method":"GET","path":"/api/master-data","statusCode":304},"timestamp":"2026-10-01T16:08:20.637Z"}
{"level":"info","message":{"durationMs":19,"method":"GET","path":"/api/properties?page=1&limit=100&sortBy=title&sortOrder=asc","statusCode":304},"timestamp":"2026-10-01T16:08:29.812Z"}
{"level":"info","message":{"durationMs":21,"method":"GET","path":"/api/site-visits?page=1&limit=100&from=2026-09-27T18%3A30%3A00.000Z&to=2026-11-08T18%3A30%3A00.000Z","statusCode":304},"timestamp":"2026-10-01T16:08:29.822Z"}
{"level":"info","message":{"durationMs":22,"method":"GET","path":"/api/dashboard?from=2026-09-25&to=2026-10-01","statusCode":304},"timestamp":"2026-10-01T16:08:37.617Z"}
{"level":"info","message":{"durationMs":6,"method":"GET","path":"/api/properties","statusCode":401},"timestamp":"2026-10-01T16:49:32.112Z"}
{"level":"info","message":{"durationMs":1,"method":"POST","path":"/api/properties","statusCode":401},"timestamp":"2026-10-01T16:49:32.168Z"}
{"level":"info","message":{"durationMs":0,"method":"PUT","path":"/api/properties/test-id","statusCode":401},"timestamp":"2026-10-01T16:49:32.177Z"}
{"level":"info","message":{"durationMs":1,"method":"DELETE","path":"/api/properties/test-id","statusCode":401},"timestamp":"2026-10-01T16:49:32.189Z"}
{"level":"info","message":{"durationMs":5,"method":"GET","path":"/api/properties","statusCode":401},"timestamp":"2026-10-01T16:56:03.041Z"}
{"level":"info","message":{"durationMs":1,"method":"POST","path":"/api/properties","statusCode":401},"timestamp":"2026-10-01T16:56:03.075Z"}
{"level":"info","message":{"durationMs":0,"method":"PUT","path":"/api/properties/test-id","statusCode":401},"timestamp":"2026-10-01T16:56:03.081Z"}
{"level":"info","message":{"durationMs":0,"method":"DELETE","path":"/api/properties/test-id","statusCode":401},"timestamp":"2026-10-01T16:56:03.086Z"}
{"level":"info","message":{"durationMs":7,"method":"GET","path":"/api/properties","statusCode":401},"timestamp":"2026-10-01T17:08:50.772Z"}
{"level":"info","message":{"durationMs":0,"method":"POST","path":"/api/properties","statusCode":401},"timestamp":"2026-10-01T17:08:50.806Z"}
{"level":"info","message":{"durationMs":1,"method":"PUT","path":"/api/properties/test-id","statusCode":401},"timestamp":"2026-10-01T17:08:50.815Z"}
{"level":"info","message":{"durationMs":0,"method":"DELETE","path":"/api/properties/test-id","statusCode":401},"timestamp":"2026-10-01T17:08:50.821Z"}
{"error":{"name":"SequelizeConnectionRefusedError","original":{"code":"ECONNREFUSED","fatal":true},"parent":{"code":"ECONNREFUSED","fatal":true}},"level":"error","message":"Site visit reminder job failed","timestamp":"2026-10-01T20:07:00.016Z"}
{"error":{"name":"SequelizeConnectionRefusedError","original":{"code":"ECONNREFUSED","fatal":true},"parent":{"code":"ECONNREFUSED","fatal":true}},"level":"error","message":"Site visit reminder job failed","timestamp":"2026-10-01T20:08:00.031Z"}
{"error":{"name":"SequelizeConnectionRefusedError","original":{"code":"ECONNREFUSED","fatal":true},"parent":{"code":"ECONNREFUSED","fatal":true}},"level":"error","message":"Site visit reminder job failed","timestamp":"2026-10-01T20:09:00.014Z"}
{"error":{"name":"SequelizeConnectionRefusedError","original":{"code":"ECONNREFUSED","fatal":true},"parent":{"code":"ECONNREFUSED","fatal":true}},"level":"error","message":"Site visit reminder job failed","timestamp":"2026-10-01T20:10:00.012Z"}
{"error":{"name":"SequelizeConnectionRefusedError","original":{"code":"ECONNREFUSED","fatal":true},"parent":{"code":"ECONNREFUSED","fatal":true}},"level":"error","message":"Site visit reminder job failed","timestamp":"2026-10-01T20:11:00.014Z"}
{"error":{"name":"SequelizeConnectionRefusedError","original":{"code":"ECONNREFUSED","fatal":true},"parent":{"code":"ECONNREFUSED","fatal":true}},"level":"error","message":"Site visit reminder job failed","timestamp":"2026-10-01T20:12:00.023Z"}
{"error":{"name":"SequelizeConnectionRefusedError","original":{"code":"ECONNREFUSED","fatal":true},"parent":{"code":"ECONNREFUSED","fatal":true}},"level":"error","message":"Site visit reminder job failed","timestamp":"2026-10-01T20:13:00.020Z"}
{"error":{"name":"SequelizeConnectionRefusedError","original":{"code":"ECONNREFUSED","fatal":true},"parent":{"code":"ECONNREFUSED","fatal":true}},"level":"error","message":"Site visit reminder job failed","timestamp":"2026-10-01T20:14:00.010Z"}
{"error":{"name":"SequelizeConnectionRefusedError","original":{"code":"ECONNREFUSED","fatal":true},"parent":{"code":"ECONNREFUSED","fatal":true}},"level":"error","message":"Site visit reminder job failed","timestamp":"2026-10-01T20:15:00.014Z"}
{"error":{"name":"SequelizeConnectionRefusedError","original":{"code":"ECONNREFUSED","fatal":true},"parent":{"code":"ECONNREFUSED","fatal":true}},"level":"error","message":"Site visit reminder job failed","timestamp":"2026-10-01T20:16:00.025Z"}
{"error":{"name":"SequelizeConnectionRefusedError","original":{"code":"ECONNREFUSED","fatal":true},"parent":{"code":"ECONNREFUSED","fatal":true}},"level":"error","message":"Site visit reminder job failed","timestamp":"2026-10-01T20:17:00.017Z"}
{"error":{"name":"SequelizeConnectionRefusedError","original":{"code":"ECONNREFUSED","fatal":true},"parent":{"code":"ECONNREFUSED","fatal":true}},"level":"error","message":"Site visit reminder job failed","timestamp":"2026-10-01T20:18:00.017Z"}
{"error":{"name":"SequelizeConnectionRefusedError","original":{"code":"ECONNREFUSED","fatal":true},"parent":{"code":"ECONNREFUSED","fatal":true}},"level":"error","message":"Site visit reminder job failed","timestamp":"2026-10-01T20:19:00.016Z"}
{"error":{"name":"SequelizeConnectionRefusedError","original":{"code":"ECONNREFUSED","fatal":true},"parent":{"code":"ECONNREFUSED","fatal":true}},"level":"error","message":"Site visit reminder job failed","timestamp":"2026-10-01T20:20:00.019Z"}
{"error":{"name":"SequelizeConnectionRefusedError","original":{"code":"ECONNREFUSED","fatal":true},"parent":{"code":"ECONNREFUSED","fatal":true}},"level":"error","message":"Site visit reminder job failed","timestamp":"2026-10-01T20:21:00.012Z"}
{"error":{"name":"SequelizeConnectionRefusedError","original":{"code":"ECONNREFUSED","fatal":true},"parent":{"code":"ECONNREFUSED","fatal":true}},"level":"error","message":"Site visit reminder job failed","timestamp":"2026-10-01T20:22:00.063Z"}
{"error":{"name":"SequelizeConnectionRefusedError","original":{"code":"ECONNREFUSED","fatal":true},"parent":{"code":"ECONNREFUSED","fatal":true}},"level":"error","message":"Site visit reminder job failed","timestamp":"2026-10-01T20:23:00.027Z"}
{"error":{"name":"SequelizeConnectionRefusedError","original":{"code":"ECONNREFUSED","fatal":true},"parent":{"code":"ECONNREFUSED","fatal":true}},"level":"error","message":"Site visit reminder job failed","timestamp":"2026-10-01T20:24:00.015Z"}
{"error":{"name":"SequelizeConnectionRefusedError","original":{"code":"ECONNREFUSED","fatal":true},"parent":{"code":"ECONNREFUSED","fatal":true}},"level":"error","message":"Site visit reminder job failed","timestamp":"2026-10-01T20:25:00.033Z"}
{"error":{"name":"SequelizeConnectionRefusedError","original":{"code":"ECONNREFUSED","fatal":true},"parent":{"code":"ECONNREFUSED","fatal":true}},"level":"error","message":"Site visit reminder job failed","timestamp":"2026-10-01T20:26:00.006Z"}
{"error":{"name":"SequelizeConnectionRefusedError","original":{"code":"ECONNREFUSED","fatal":true},"parent":{"code":"ECONNREFUSED","fatal":true}},"level":"error","message":"Site visit reminder job failed","timestamp":"2026-10-01T20:27:00.011Z"}
{"error":{"name":"SequelizeConnectionRefusedError","original":{"code":"ECONNREFUSED","fatal":true},"parent":{"code":"ECONNREFUSED","fatal":true}},"level":"error","message":"Site visit reminder job failed","timestamp":"2026-10-01T20:28:00.005Z"}
{"error":{"name":"SequelizeConnectionRefusedError","original":{"code":"ECONNREFUSED","fatal":true},"parent":{"code":"ECONNREFUSED","fatal":true}},"level":"error","message":"Site visit reminder job failed","timestamp":"2026-10-01T20:29:00.016Z"}
{"error":{"name":"SequelizeConnectionRefusedError","original":{"code":"ECONNREFUSED","fatal":true},"parent":{"code":"ECONNREFUSED","fatal":true}},"level":"error","message":"Site visit reminder job failed","timestamp":"2026-10-01T20:30:00.027Z"}
{"error":{"name":"SequelizeConnectionRefusedError","original":{"code":"ECONNREFUSED","fatal":true},"parent":{"code":"ECONNREFUSED","fatal":true}},"level":"error","message":"Site visit reminder job failed","timestamp":"2026-10-01T20:31:00.020Z"}
{"error":{"name":"SequelizeConnectionRefusedError","original":{"code":"ECONNREFUSED","fatal":true},"parent":{"code":"ECONNREFUSED","fatal":true}},"level":"error","message":"Site visit reminder job failed","timestamp":"2026-10-01T20:32:00.008Z"}
{"error":{"name":"SequelizeConnectionRefusedError","original":{"code":"ECONNREFUSED","fatal":true},"parent":{"code":"ECONNREFUSED","fatal":true}},"level":"error","message":"Site visit reminder job failed","timestamp":"2026-10-01T20:33:00.016Z"}
{"error":{"name":"SequelizeConnectionRefusedError","original":{"code":"ECONNREFUSED","fatal":true},"parent":{"code":"ECONNREFUSED","fatal":true}},"level":"error","message":"Site visit reminder job failed","timestamp":"2026-10-01T20:34:00.027Z"}
{"error":{"name":"SequelizeConnectionRefusedError","original":{"code":"ECONNREFUSED","fatal":true},"parent":{"code":"ECONNREFUSED","fatal":true}},"level":"error","message":"Site visit reminder job failed","timestamp":"2026-10-01T20:35:00.021Z"}
{"error":{"name":"SequelizeConnectionRefusedError","original":{"code":"ECONNREFUSED","fatal":true},"parent":{"code":"ECONNREFUSED","fatal":true}},"level":"error","message":"Site visit reminder job failed","timestamp":"2026-10-01T20:36:00.009Z"}
{"error":{"name":"SequelizeConnectionRefusedError","original":{"code":"ECONNREFUSED","fatal":true},"parent":{"code":"ECONNREFUSED","fatal":true}},"level":"error","message":"Site visit reminder job failed","timestamp":"2026-10-01T20:37:00.079Z"}
{"error":{"name":"SequelizeConnectionRefusedError","original":{"code":"ECONNREFUSED","fatal":true},"parent":{"code":"ECONNREFUSED","fatal":true}},"level":"error","message":"Site visit reminder job failed","timestamp":"2026-10-01T20:38:00.008Z"}
{"error":{"name":"SequelizeConnectionRefusedError","original":{"code":"ECONNREFUSED","fatal":true},"parent":{"code":"ECONNREFUSED","fatal":true}},"level":"error","message":"Site visit reminder job failed","timestamp":"2026-10-01T20:39:00.037Z"}
{"error":{"name":"SequelizeConnectionRefusedError","original":{"code":"ECONNREFUSED","fatal":true},"parent":{"code":"ECONNREFUSED","fatal":true}},"level":"error","message":"Site visit reminder job failed","timestamp":"2026-10-01T20:40:00.022Z"}
{"error":{"name":"SequelizeConnectionRefusedError","original":{"code":"ECONNREFUSED","fatal":true},"parent":{"code":"ECONNREFUSED","fatal":true}},"level":"error","message":"Site visit reminder job failed","timestamp":"2026-10-01T20:41:00.045Z"}
{"error":{"name":"SequelizeConnectionRefusedError","original":{"code":"ECONNREFUSED","fatal":true},"parent":{"code":"ECONNREFUSED","fatal":true}},"level":"error","message":"Site visit reminder job failed","timestamp":"2026-10-01T20:42:00.007Z"}
{"error":{"name":"SequelizeConnectionRefusedError","original":{"code":"ECONNREFUSED","fatal":true},"parent":{"code":"ECONNREFUSED","fatal":true}},"level":"error","message":"Site visit reminder job failed","timestamp":"2026-10-01T20:43:00.056Z"}
{"error":{"name":"SequelizeConnectionRefusedError","original":{"code":"ECONNREFUSED","fatal":true},"parent":{"code":"ECONNREFUSED","fatal":true}},"level":"error","message":"Site visit reminder job failed","timestamp":"2026-10-01T20:44:00.021Z"}
{"error":{"name":"SequelizeConnectionRefusedError","original":{"code":"ECONNREFUSED","fatal":true},"parent":{"code":"ECONNREFUSED","fatal":true}},"level":"error","message":"Site visit reminder job failed","timestamp":"2026-10-01T20:45:00.024Z"}
{"error":{"name":"SequelizeConnectionRefusedError","original":{"code":"ECONNREFUSED","fatal":true},"parent":{"code":"ECONNREFUSED","fatal":true}},"level":"error","message":"Site visit reminder job failed","timestamp":"2026-10-01T20:46:00.012Z"}
{"error":{"name":"SequelizeConnectionRefusedError","original":{"code":"ECONNREFUSED","fatal":true},"parent":{"code":"ECONNREFUSED","fatal":true}},"level":"error","message":"Site visit reminder job failed","timestamp":"2026-10-01T20:47:00.015Z"}
{"error":{"name":"SequelizeConnectionRefusedError","original":{"code":"ECONNREFUSED","fatal":true},"parent":{"code":"ECONNREFUSED","fatal":true}},"level":"error","message":"Site visit reminder job failed","timestamp":"2026-10-01T20:48:00.006Z"}
{"error":{"name":"SequelizeConnectionRefusedError","original":{"code":"ECONNREFUSED","fatal":true},"parent":{"code":"ECONNREFUSED","fatal":true}},"level":"error","message":"Site visit reminder job failed","timestamp":"2026-10-01T20:49:00.011Z"}
{"error":{"name":"SequelizeConnectionRefusedError","original":{"code":"ECONNREFUSED","fatal":true},"parent":{"code":"ECONNREFUSED","fatal":true}},"level":"error","message":"Site visit reminder job failed","timestamp":"2026-10-01T20:50:00.018Z"}
{"error":{"name":"SequelizeConnectionRefusedError","original":{"code":"ECONNREFUSED","fatal":true},"parent":{"code":"ECONNREFUSED","fatal":true}},"level":"error","message":"Site visit reminder job failed","timestamp":"2026-10-01T20:51:00.007Z"}
{"error":{"name":"SequelizeConnectionRefusedError","original":{"code":"ECONNREFUSED","fatal":true},"parent":{"code":"ECONNREFUSED","fatal":true}},"level":"error","message":"Site visit reminder job failed","timestamp":"2026-10-01T20:52:00.021Z"}
{"error":{"name":"SequelizeConnectionRefusedError","original":{"code":"ECONNREFUSED","fatal":true},"parent":{"code":"ECONNREFUSED","fatal":true}},"level":"error","message":"Site visit reminder job failed","timestamp":"2026-10-01T20:53:00.035Z"}
{"error":{"name":"SequelizeConnectionRefusedError","original":{"code":"ECONNREFUSED","fatal":true},"parent":{"code":"ECONNREFUSED","fatal":true}},"level":"error","message":"Site visit reminder job failed","timestamp":"2026-10-01T20:54:00.012Z"}
{"error":{"name":"SequelizeConnectionRefusedError","original":{"code":"ECONNREFUSED","fatal":true},"parent":{"code":"ECONNREFUSED","fatal":true}},"level":"error","message":"Site visit reminder job failed","timestamp":"2026-10-01T20:55:00.088Z"}
{"level":"info","message":{"durationMs":127,"method":"GET","path":"/api/dashboard?from=2026-09-26&to=2026-10-02","statusCode":500},"timestamp":"2026-10-01T20:55:38.452Z"}
{"error":{"name":"SequelizeConnectionRefusedError","original":{"code":"ECONNREFUSED","fatal":true},"parent":{"code":"ECONNREFUSED","fatal":true}},"level":"error","message":"Site visit reminder job failed","timestamp":"2026-10-01T20:56:00.007Z"}
{"error":{"name":"SequelizeConnectionRefusedError","original":{"code":"ECONNREFUSED","fatal":true},"parent":{"code":"ECONNREFUSED","fatal":true}},"level":"error","message":"Site visit reminder job failed","timestamp":"2026-10-01T20:57:00.016Z"}
{"error":{"name":"SequelizeConnectionRefusedError","original":{"code":"ECONNREFUSED","fatal":true},"parent":{"code":"ECONNREFUSED","fatal":true}},"level":"error","message":"Site visit reminder job failed","timestamp":"2026-10-01T20:58:00.014Z"}
{"error":{"name":"SequelizeConnectionRefusedError","original":{"code":"ECONNREFUSED","fatal":true},"parent":{"code":"ECONNREFUSED","fatal":true}},"level":"error","message":"Site visit reminder job failed","timestamp":"2026-10-01T20:59:00.019Z"}
{"error":{"name":"SequelizeConnectionRefusedError","original":{"code":"ECONNREFUSED","fatal":true},"parent":{"code":"ECONNREFUSED","fatal":true}},"level":"error","message":"Site visit reminder job failed","timestamp":"2026-10-01T21:00:00.020Z"}
{"error":{"name":"SequelizeConnectionRefusedError","original":{"code":"ECONNREFUSED","fatal":true},"parent":{"code":"ECONNREFUSED","fatal":true}},"level":"error","message":"Site visit reminder job failed","timestamp":"2026-10-01T21:01:00.023Z"}
{"error":{"name":"SequelizeConnectionRefusedError","original":{"code":"ECONNREFUSED","fatal":true},"parent":{"code":"ECONNREFUSED","fatal":true}},"level":"error","message":"Site visit reminder job failed","timestamp":"2026-10-01T21:02:00.010Z"}
{"error":{"name":"SequelizeConnectionRefusedError","original":{"code":"ECONNREFUSED","fatal":true},"parent":{"code":"ECONNREFUSED","fatal":true}},"level":"error","message":"Site visit reminder job failed","timestamp":"2026-10-01T21:03:00.019Z"}
{"error":{"name":"SequelizeConnectionRefusedError","original":{"code":"ECONNREFUSED","fatal":true},"parent":{"code":"ECONNREFUSED","fatal":true}},"level":"error","message":"Site visit reminder job failed","timestamp":"2026-10-01T21:04:00.031Z"}
{"error":{"name":"SequelizeConnectionRefusedError","original":{"code":"ECONNREFUSED","fatal":true},"parent":{"code":"ECONNREFUSED","fatal":true}},"level":"error","message":"Site visit reminder job failed","timestamp":"2026-10-01T21:05:00.045Z"}
{"error":{"name":"SequelizeConnectionRefusedError","original":{"code":"ECONNREFUSED","fatal":true},"parent":{"code":"ECONNREFUSED","fatal":true}},"level":"error","message":"Site visit reminder job failed","timestamp":"2026-10-01T21:06:00.040Z"}
{"error":{"name":"SequelizeConnectionRefusedError","original":{"code":"ECONNREFUSED","fatal":true},"parent":{"code":"ECONNREFUSED","fatal":true}},"level":"error","message":"Site visit reminder job failed","timestamp":"2026-10-01T21:07:00.046Z"}
{"error":{"name":"SequelizeConnectionRefusedError","original":{"code":"ECONNREFUSED","fatal":true},"parent":{"code":"ECONNREFUSED","fatal":true}},"level":"error","message":"Site visit reminder job failed","timestamp":"2026-10-01T21:08:00.067Z"}
{"error":{"name":"SequelizeConnectionRefusedError","original":{"code":"ECONNREFUSED","fatal":true},"parent":{"code":"ECONNREFUSED","fatal":true}},"level":"error","message":"Site visit reminder job failed","timestamp":"2026-10-01T21:09:00.055Z"}
{"level":"info","message":{"durationMs":172,"method":"GET","path":"/api/dashboard?from=2026-09-26&to=2026-10-02","statusCode":500},"timestamp":"2026-10-01T21:09:07.106Z"}
{"error":{"name":"SequelizeConnectionRefusedError","original":{"code":"ECONNREFUSED","fatal":true},"parent":{"code":"ECONNREFUSED","fatal":true}},"level":"error","message":"Site visit reminder job failed","timestamp":"2026-10-01T21:10:00.019Z"}
{"error":{"name":"SequelizeConnectionRefusedError","original":{"code":"ECONNREFUSED","fatal":true},"parent":{"code":"ECONNREFUSED","fatal":true}},"level":"error","message":"Site visit reminder job failed","timestamp":"2026-10-01T21:11:00.036Z"}
{"error":{"name":"SequelizeConnectionRefusedError","original":{"code":"ECONNREFUSED","fatal":true},"parent":{"code":"ECONNREFUSED","fatal":true}},"level":"error","message":"Site visit reminder job failed","timestamp":"2026-10-01T21:12:00.032Z"}
{"error":{"name":"SequelizeConnectionRefusedError","original":{"code":"ECONNREFUSED","fatal":true},"parent":{"code":"ECONNREFUSED","fatal":true}},"level":"error","message":"Site visit reminder job failed","timestamp":"2026-10-01T21:13:00.073Z"}
{"error":{"name":"SequelizeConnectionRefusedError","original":{"code":"ECONNREFUSED","fatal":true},"parent":{"code":"ECONNREFUSED","fatal":true}},"level":"error","message":"Site visit reminder job failed","timestamp":"2026-10-01T21:14:00.014Z"}
{"error":{"name":"SequelizeConnectionRefusedError","original":{"code":"ECONNREFUSED","fatal":true},"parent":{"code":"ECONNREFUSED","fatal":true}},"level":"error","message":"Site visit reminder job failed","timestamp":"2026-10-01T21:15:00.027Z"}
{"error":{"name":"SequelizeConnectionRefusedError","original":{"code":"ECONNREFUSED","fatal":true},"parent":{"code":"ECONNREFUSED","fatal":true}},"level":"error","message":"Site visit reminder job failed","timestamp":"2026-10-01T21:16:00.009Z"}
{"error":{"name":"SequelizeConnectionRefusedError","original":{"code":"ECONNREFUSED","fatal":true},"parent":{"code":"ECONNREFUSED","fatal":true}},"level":"error","message":"Site visit reminder job failed","timestamp":"2026-10-01T21:17:00.014Z"}
{"error":{"name":"SequelizeConnectionRefusedError","original":{"code":"ECONNREFUSED","fatal":true},"parent":{"code":"ECONNREFUSED","fatal":true}},"level":"error","message":"Site visit reminder job failed","timestamp":"2026-10-01T21:18:00.013Z"}
